--
-- PostgreSQL database dump
--

-- Dumped from database version 17.4
-- Dumped by pg_dump version 17.4

SET statement_timeout = 0;
SET lock_timeout = 0;
SET idle_in_transaction_session_timeout = 0;
SET transaction_timeout = 0;
SET client_encoding = 'UTF8';
SET standard_conforming_strings = on;
SELECT pg_catalog.set_config('search_path', '', false);
SET check_function_bodies = false;
SET xmloption = content;
SET client_min_messages = warning;
SET row_security = off;

SET default_tablespace = '';

SET default_table_access_method = heap;

--
-- Name: audit_auditlog; Type: TABLE; Schema: public; Owner: postgres
--

CREATE TABLE public.audit_auditlog (
    id bigint NOT NULL,
    "timestamp" timestamp with time zone NOT NULL,
    action character varying(10) NOT NULL,
    model character varying(50) NOT NULL,
    object_id character varying(50),
    detail text,
    ip_address inet,
    user_id bigint
);


ALTER TABLE public.audit_auditlog OWNER TO postgres;

--
-- Name: audit_auditlog_id_seq; Type: SEQUENCE; Schema: public; Owner: postgres
--

ALTER TABLE public.audit_auditlog ALTER COLUMN id ADD GENERATED BY DEFAULT AS IDENTITY (
    SEQUENCE NAME public.audit_auditlog_id_seq
    START WITH 1
    INCREMENT BY 1
    NO MINVALUE
    NO MAXVALUE
    CACHE 1
);


--
-- Name: auditlog_logentry; Type: TABLE; Schema: public; Owner: postgres
--

CREATE TABLE public.auditlog_logentry (
    id integer NOT NULL,
    object_pk character varying(255) NOT NULL,
    object_id bigint,
    object_repr text NOT NULL,
    action smallint NOT NULL,
    changes jsonb,
    "timestamp" timestamp with time zone NOT NULL,
    actor_id bigint,
    content_type_id integer NOT NULL,
    remote_addr inet,
    additional_data jsonb,
    serialized_data jsonb,
    cid character varying(255),
    changes_text text NOT NULL,
    CONSTRAINT auditlog_logentry_action_check CHECK ((action >= 0))
);


ALTER TABLE public.auditlog_logentry OWNER TO postgres;

--
-- Name: auditlog_logentry_id_seq; Type: SEQUENCE; Schema: public; Owner: postgres
--

ALTER TABLE public.auditlog_logentry ALTER COLUMN id ADD GENERATED BY DEFAULT AS IDENTITY (
    SEQUENCE NAME public.auditlog_logentry_id_seq
    START WITH 1
    INCREMENT BY 1
    NO MINVALUE
    NO MAXVALUE
    CACHE 1
);


--
-- Name: auth_group; Type: TABLE; Schema: public; Owner: postgres
--

CREATE TABLE public.auth_group (
    id integer NOT NULL,
    name character varying(150) NOT NULL
);


ALTER TABLE public.auth_group OWNER TO postgres;

--
-- Name: auth_group_id_seq; Type: SEQUENCE; Schema: public; Owner: postgres
--

ALTER TABLE public.auth_group ALTER COLUMN id ADD GENERATED BY DEFAULT AS IDENTITY (
    SEQUENCE NAME public.auth_group_id_seq
    START WITH 1
    INCREMENT BY 1
    NO MINVALUE
    NO MAXVALUE
    CACHE 1
);


--
-- Name: auth_group_permissions; Type: TABLE; Schema: public; Owner: postgres
--

CREATE TABLE public.auth_group_permissions (
    id bigint NOT NULL,
    group_id integer NOT NULL,
    permission_id integer NOT NULL
);


ALTER TABLE public.auth_group_permissions OWNER TO postgres;

--
-- Name: auth_group_permissions_id_seq; Type: SEQUENCE; Schema: public; Owner: postgres
--

ALTER TABLE public.auth_group_permissions ALTER COLUMN id ADD GENERATED BY DEFAULT AS IDENTITY (
    SEQUENCE NAME public.auth_group_permissions_id_seq
    START WITH 1
    INCREMENT BY 1
    NO MINVALUE
    NO MAXVALUE
    CACHE 1
);


--
-- Name: auth_permission; Type: TABLE; Schema: public; Owner: postgres
--

CREATE TABLE public.auth_permission (
    id integer NOT NULL,
    name character varying(255) NOT NULL,
    content_type_id integer NOT NULL,
    codename character varying(100) NOT NULL
);


ALTER TABLE public.auth_permission OWNER TO postgres;

--
-- Name: auth_permission_id_seq; Type: SEQUENCE; Schema: public; Owner: postgres
--

ALTER TABLE public.auth_permission ALTER COLUMN id ADD GENERATED BY DEFAULT AS IDENTITY (
    SEQUENCE NAME public.auth_permission_id_seq
    START WITH 1
    INCREMENT BY 1
    NO MINVALUE
    NO MAXVALUE
    CACHE 1
);


--
-- Name: auth_user; Type: TABLE; Schema: public; Owner: postgres
--

CREATE TABLE public.auth_user (
    id bigint NOT NULL,
    password character varying(128) NOT NULL,
    last_login timestamp with time zone,
    is_superuser boolean NOT NULL,
    username character varying(150) NOT NULL,
    first_name character varying(150) NOT NULL,
    last_name character varying(150) NOT NULL,
    email character varying(254) NOT NULL,
    is_staff boolean NOT NULL,
    is_active boolean NOT NULL,
    date_joined timestamp with time zone NOT NULL,
    user_type character varying(10) NOT NULL,
    phone character varying(15),
    address text
);


ALTER TABLE public.auth_user OWNER TO postgres;

--
-- Name: auth_user_groups; Type: TABLE; Schema: public; Owner: postgres
--

CREATE TABLE public.auth_user_groups (
    id bigint NOT NULL,
    user_id bigint NOT NULL,
    group_id integer NOT NULL
);


ALTER TABLE public.auth_user_groups OWNER TO postgres;

--
-- Name: auth_user_groups_id_seq; Type: SEQUENCE; Schema: public; Owner: postgres
--

ALTER TABLE public.auth_user_groups ALTER COLUMN id ADD GENERATED BY DEFAULT AS IDENTITY (
    SEQUENCE NAME public.auth_user_groups_id_seq
    START WITH 1
    INCREMENT BY 1
    NO MINVALUE
    NO MAXVALUE
    CACHE 1
);


--
-- Name: auth_user_id_seq; Type: SEQUENCE; Schema: public; Owner: postgres
--

ALTER TABLE public.auth_user ALTER COLUMN id ADD GENERATED BY DEFAULT AS IDENTITY (
    SEQUENCE NAME public.auth_user_id_seq
    START WITH 1
    INCREMENT BY 1
    NO MINVALUE
    NO MAXVALUE
    CACHE 1
);


--
-- Name: auth_user_user_permissions; Type: TABLE; Schema: public; Owner: postgres
--

CREATE TABLE public.auth_user_user_permissions (
    id bigint NOT NULL,
    user_id bigint NOT NULL,
    permission_id integer NOT NULL
);


ALTER TABLE public.auth_user_user_permissions OWNER TO postgres;

--
-- Name: auth_user_user_permissions_id_seq; Type: SEQUENCE; Schema: public; Owner: postgres
--

ALTER TABLE public.auth_user_user_permissions ALTER COLUMN id ADD GENERATED BY DEFAULT AS IDENTITY (
    SEQUENCE NAME public.auth_user_user_permissions_id_seq
    START WITH 1
    INCREMENT BY 1
    NO MINVALUE
    NO MAXVALUE
    CACHE 1
);


--
-- Name: backup_backup; Type: TABLE; Schema: public; Owner: postgres
--

CREATE TABLE public.backup_backup (
    id bigint NOT NULL,
    file_name character varying(255) NOT NULL,
    backup_type character varying(12) NOT NULL,
    created_at timestamp with time zone NOT NULL,
    updated_at timestamp with time zone NOT NULL
);


ALTER TABLE public.backup_backup OWNER TO postgres;

--
-- Name: backup_backup_id_seq; Type: SEQUENCE; Schema: public; Owner: postgres
--

ALTER TABLE public.backup_backup ALTER COLUMN id ADD GENERATED BY DEFAULT AS IDENTITY (
    SEQUENCE NAME public.backup_backup_id_seq
    START WITH 1
    INCREMENT BY 1
    NO MINVALUE
    NO MAXVALUE
    CACHE 1
);


--
-- Name: django_admin_log; Type: TABLE; Schema: public; Owner: postgres
--

CREATE TABLE public.django_admin_log (
    id integer NOT NULL,
    action_time timestamp with time zone NOT NULL,
    object_id text,
    object_repr character varying(200) NOT NULL,
    action_flag smallint NOT NULL,
    change_message text NOT NULL,
    content_type_id integer,
    user_id bigint NOT NULL,
    CONSTRAINT django_admin_log_action_flag_check CHECK ((action_flag >= 0))
);


ALTER TABLE public.django_admin_log OWNER TO postgres;

--
-- Name: django_admin_log_id_seq; Type: SEQUENCE; Schema: public; Owner: postgres
--

ALTER TABLE public.django_admin_log ALTER COLUMN id ADD GENERATED BY DEFAULT AS IDENTITY (
    SEQUENCE NAME public.django_admin_log_id_seq
    START WITH 1
    INCREMENT BY 1
    NO MINVALUE
    NO MAXVALUE
    CACHE 1
);


--
-- Name: django_content_type; Type: TABLE; Schema: public; Owner: postgres
--

CREATE TABLE public.django_content_type (
    id integer NOT NULL,
    app_label character varying(100) NOT NULL,
    model character varying(100) NOT NULL
);


ALTER TABLE public.django_content_type OWNER TO postgres;

--
-- Name: django_content_type_id_seq; Type: SEQUENCE; Schema: public; Owner: postgres
--

ALTER TABLE public.django_content_type ALTER COLUMN id ADD GENERATED BY DEFAULT AS IDENTITY (
    SEQUENCE NAME public.django_content_type_id_seq
    START WITH 1
    INCREMENT BY 1
    NO MINVALUE
    NO MAXVALUE
    CACHE 1
);


--
-- Name: django_migrations; Type: TABLE; Schema: public; Owner: postgres
--

CREATE TABLE public.django_migrations (
    id bigint NOT NULL,
    app character varying(255) NOT NULL,
    name character varying(255) NOT NULL,
    applied timestamp with time zone NOT NULL
);


ALTER TABLE public.django_migrations OWNER TO postgres;

--
-- Name: django_migrations_id_seq; Type: SEQUENCE; Schema: public; Owner: postgres
--

ALTER TABLE public.django_migrations ALTER COLUMN id ADD GENERATED BY DEFAULT AS IDENTITY (
    SEQUENCE NAME public.django_migrations_id_seq
    START WITH 1
    INCREMENT BY 1
    NO MINVALUE
    NO MAXVALUE
    CACHE 1
);


--
-- Name: django_session; Type: TABLE; Schema: public; Owner: postgres
--

CREATE TABLE public.django_session (
    session_key character varying(40) NOT NULL,
    session_data text NOT NULL,
    expire_date timestamp with time zone NOT NULL
);


ALTER TABLE public.django_session OWNER TO postgres;

--
-- Name: events_event; Type: TABLE; Schema: public; Owner: postgres
--

CREATE TABLE public.events_event (
    id bigint NOT NULL,
    name character varying(200) NOT NULL,
    description text NOT NULL,
    start_date timestamp with time zone NOT NULL,
    end_date timestamp with time zone NOT NULL,
    status character varying(20) NOT NULL,
    image character varying(500),
    created_at timestamp with time zone NOT NULL,
    updated_at timestamp with time zone NOT NULL,
    location_id bigint NOT NULL
);


ALTER TABLE public.events_event OWNER TO postgres;

--
-- Name: events_event_id_seq; Type: SEQUENCE; Schema: public; Owner: postgres
--

ALTER TABLE public.events_event ALTER COLUMN id ADD GENERATED BY DEFAULT AS IDENTITY (
    SEQUENCE NAME public.events_event_id_seq
    START WITH 1
    INCREMENT BY 1
    NO MINVALUE
    NO MAXVALUE
    CACHE 1
);


--
-- Name: events_event_services; Type: TABLE; Schema: public; Owner: postgres
--

CREATE TABLE public.events_event_services (
    id bigint NOT NULL,
    event_id bigint NOT NULL,
    service_id bigint NOT NULL
);


ALTER TABLE public.events_event_services OWNER TO postgres;

--
-- Name: events_event_services_id_seq; Type: SEQUENCE; Schema: public; Owner: postgres
--

ALTER TABLE public.events_event_services ALTER COLUMN id ADD GENERATED BY DEFAULT AS IDENTITY (
    SEQUENCE NAME public.events_event_services_id_seq
    START WITH 1
    INCREMENT BY 1
    NO MINVALUE
    NO MAXVALUE
    CACHE 1
);


--
-- Name: locations_location; Type: TABLE; Schema: public; Owner: postgres
--

CREATE TABLE public.locations_location (
    id bigint NOT NULL,
    name character varying(100) NOT NULL,
    description text NOT NULL,
    address text NOT NULL,
    capacity integer NOT NULL,
    location_type character varying(20) NOT NULL,
    rental_price numeric(10,2) NOT NULL,
    price_unit character varying(10) NOT NULL,
    area_sqm integer NOT NULL,
    parking_spaces integer NOT NULL,
    environment_type character varying(15) NOT NULL,
    extra_hour_cost numeric(8,2) NOT NULL,
    provider character varying(100),
    created_at timestamp with time zone NOT NULL,
    updated_at timestamp with time zone NOT NULL,
    CONSTRAINT locations_location_area_sqm_check CHECK ((area_sqm >= 0)),
    CONSTRAINT locations_location_capacity_check CHECK ((capacity >= 0)),
    CONSTRAINT locations_location_parking_spaces_check CHECK ((parking_spaces >= 0))
);


ALTER TABLE public.locations_location OWNER TO postgres;

--
-- Name: locations_location_id_seq; Type: SEQUENCE; Schema: public; Owner: postgres
--

ALTER TABLE public.locations_location ALTER COLUMN id ADD GENERATED BY DEFAULT AS IDENTITY (
    SEQUENCE NAME public.locations_location_id_seq
    START WITH 1
    INCREMENT BY 1
    NO MINVALUE
    NO MAXVALUE
    CACHE 1
);


--
-- Name: services_service; Type: TABLE; Schema: public; Owner: postgres
--

CREATE TABLE public.services_service (
    id bigint NOT NULL,
    name character varying(100) NOT NULL,
    description text NOT NULL,
    base_price numeric(10,2) NOT NULL,
    unit_measure character varying(10) NOT NULL,
    standard_duration integer,
    provider character varying(100) NOT NULL,
    created_at timestamp with time zone NOT NULL,
    updated_at timestamp with time zone NOT NULL,
    CONSTRAINT services_service_standard_duration_check CHECK ((standard_duration >= 0))
);


ALTER TABLE public.services_service OWNER TO postgres;

--
-- Name: services_service_id_seq; Type: SEQUENCE; Schema: public; Owner: postgres
--

ALTER TABLE public.services_service ALTER COLUMN id ADD GENERATED BY DEFAULT AS IDENTITY (
    SEQUENCE NAME public.services_service_id_seq
    START WITH 1
    INCREMENT BY 1
    NO MINVALUE
    NO MAXVALUE
    CACHE 1
);


--
-- Data for Name: audit_auditlog; Type: TABLE DATA; Schema: public; Owner: postgres
--

COPY public.audit_auditlog (id, "timestamp", action, model, object_id, detail, ip_address, user_id) FROM stdin;
1	2025-05-04 07:42:55.292419-04	CREATE	User	1	Usuario 'admin1' creado	127.0.0.1	\N
\.


--
-- Data for Name: auditlog_logentry; Type: TABLE DATA; Schema: public; Owner: postgres
--

COPY public.auditlog_logentry (id, object_pk, object_id, object_repr, action, changes, "timestamp", actor_id, content_type_id, remote_addr, additional_data, serialized_data, cid, changes_text) FROM stdin;
1	1	1	admin1	0	{"id": ["None", "1"], "email": ["None", "admin1@example.com"], "phone": ["None", "71234567"], "address": ["None", "Santa Cruz"], "is_staff": ["None", "False"], "password": ["None", "pbkdf2_sha256$1000000$yJOzTcTvNuXj5uqrMKUWZZ$Ig2zoSAiNnNM14gDnWM5adfWDAW5bwq3cGHvtSek0dY="], "username": ["None", "admin1"], "is_active": ["None", "True"], "last_name": ["None", "Admin"], "user_type": ["None", "admin"], "first_name": ["None", "Rodrigo"], "date_joined": ["None", "2025-05-04 11:42:54.759520"], "is_superuser": ["None", "False"]}	2025-05-04 07:42:55.267143-04	\N	6	\N	\N	\N	\N	
\.


--
-- Data for Name: auth_group; Type: TABLE DATA; Schema: public; Owner: postgres
--

COPY public.auth_group (id, name) FROM stdin;
\.


--
-- Data for Name: auth_group_permissions; Type: TABLE DATA; Schema: public; Owner: postgres
--

COPY public.auth_group_permissions (id, group_id, permission_id) FROM stdin;
\.


--
-- Data for Name: auth_permission; Type: TABLE DATA; Schema: public; Owner: postgres
--

COPY public.auth_permission (id, name, content_type_id, codename) FROM stdin;
1	Can add log entry	1	add_logentry
2	Can change log entry	1	change_logentry
3	Can delete log entry	1	delete_logentry
4	Can view log entry	1	view_logentry
5	Can add permission	2	add_permission
6	Can change permission	2	change_permission
7	Can delete permission	2	delete_permission
8	Can view permission	2	view_permission
9	Can add group	3	add_group
10	Can change group	3	change_group
11	Can delete group	3	delete_group
12	Can view group	3	view_group
13	Can add content type	4	add_contenttype
14	Can change content type	4	change_contenttype
15	Can delete content type	4	delete_contenttype
16	Can view content type	4	view_contenttype
17	Can add session	5	add_session
18	Can change session	5	change_session
19	Can delete session	5	delete_session
20	Can view session	5	view_session
21	Can add user	6	add_user
22	Can change user	6	change_user
23	Can delete user	6	delete_user
24	Can view user	6	view_user
25	Can add log entry	7	add_logentry
26	Can change log entry	7	change_logentry
27	Can delete log entry	7	delete_logentry
28	Can view log entry	7	view_logentry
29	Can add audit log	8	add_auditlog
30	Can change audit log	8	change_auditlog
31	Can delete audit log	8	delete_auditlog
32	Can view audit log	8	view_auditlog
33	Can add service	9	add_service
34	Can change service	9	change_service
35	Can delete service	9	delete_service
36	Can view service	9	view_service
37	Can add Locaci贸n	10	add_location
38	Can change Locaci贸n	10	change_location
39	Can delete Locaci贸n	10	delete_location
40	Can view Locaci贸n	10	view_location
41	Can add event	11	add_event
42	Can change event	11	change_event
43	Can delete event	11	delete_event
44	Can view event	11	view_event
45	Can add backup	12	add_backup
46	Can change backup	12	change_backup
47	Can delete backup	12	delete_backup
48	Can view backup	12	view_backup
\.


--
-- Data for Name: auth_user; Type: TABLE DATA; Schema: public; Owner: postgres
--

COPY public.auth_user (id, password, last_login, is_superuser, username, first_name, last_name, email, is_staff, is_active, date_joined, user_type, phone, address) FROM stdin;
1	pbkdf2_sha256$1000000$yJOzTcTvNuXj5uqrMKUWZZ$Ig2zoSAiNnNM14gDnWM5adfWDAW5bwq3cGHvtSek0dY=	\N	f	admin1	Rodrigo	Admin	admin1@example.com	f	t	2025-05-04 07:42:54.75952-04	admin	71234567	Santa Cruz
\.


--
-- Data for Name: auth_user_groups; Type: TABLE DATA; Schema: public; Owner: postgres
--

COPY public.auth_user_groups (id, user_id, group_id) FROM stdin;
\.


--
-- Data for Name: auth_user_user_permissions; Type: TABLE DATA; Schema: public; Owner: postgres
--

COPY public.auth_user_user_permissions (id, user_id, permission_id) FROM stdin;
\.


--
-- Data for Name: backup_backup; Type: TABLE DATA; Schema: public; Owner: postgres
--

COPY public.backup_backup (id, file_name, backup_type, created_at, updated_at) FROM stdin;
1	backup_20250504_172220.sql	manual	2025-05-04 17:22:20.529449-04	2025-05-04 17:22:20.529479-04
2	backup_20250504_172332.sql	manual	2025-05-04 17:23:32.660318-04	2025-05-04 17:23:32.660343-04
3	backup_20250504_173143.sql	manual	2025-05-04 17:31:43.888817-04	2025-05-04 17:31:43.888841-04
4	backup_20250504_173629.sql	manual	2025-05-04 17:36:29.266795-04	2025-05-04 17:36:29.266815-04
5	backup_20250505_001124.sql	manual	2025-05-05 00:11:24.648383-04	2025-05-05 00:11:24.648405-04
\.


--
-- Data for Name: django_admin_log; Type: TABLE DATA; Schema: public; Owner: postgres
--

COPY public.django_admin_log (id, action_time, object_id, object_repr, action_flag, change_message, content_type_id, user_id) FROM stdin;
\.


--
-- Data for Name: django_content_type; Type: TABLE DATA; Schema: public; Owner: postgres
--

COPY public.django_content_type (id, app_label, model) FROM stdin;
1	admin	logentry
2	auth	permission
3	auth	group
4	contenttypes	contenttype
5	sessions	session
6	users	user
7	auditlog	logentry
8	audit	auditlog
9	services	service
10	locations	location
11	events	event
12	backup	backup
\.


--
-- Data for Name: django_migrations; Type: TABLE DATA; Schema: public; Owner: postgres
--

COPY public.django_migrations (id, app, name, applied) FROM stdin;
1	contenttypes	0001_initial	2025-05-03 19:45:35.419174-04
2	contenttypes	0002_remove_content_type_name	2025-05-03 19:45:35.431827-04
3	auth	0001_initial	2025-05-03 19:45:35.470448-04
4	auth	0002_alter_permission_name_max_length	2025-05-03 19:45:35.474533-04
5	auth	0003_alter_user_email_max_length	2025-05-03 19:45:35.479476-04
6	auth	0004_alter_user_username_opts	2025-05-03 19:45:35.483756-04
7	auth	0005_alter_user_last_login_null	2025-05-03 19:45:35.487679-04
8	auth	0006_require_contenttypes_0002	2025-05-03 19:45:35.488937-04
9	auth	0007_alter_validators_add_error_messages	2025-05-03 19:45:35.493854-04
10	auth	0008_alter_user_username_max_length	2025-05-03 19:45:35.499514-04
11	auth	0009_alter_user_last_name_max_length	2025-05-03 19:45:35.504205-04
12	auth	0010_alter_group_name_max_length	2025-05-03 19:45:35.511818-04
13	auth	0011_update_proxy_permissions	2025-05-03 19:45:35.517011-04
14	auth	0012_alter_user_first_name_max_length	2025-05-03 19:45:35.520882-04
15	users	0001_initial	2025-05-03 19:45:35.556581-04
16	admin	0001_initial	2025-05-03 19:45:35.580605-04
17	admin	0002_logentry_remove_auto_add	2025-05-03 19:45:35.585885-04
18	admin	0003_logentry_add_action_flag_choices	2025-05-03 19:45:35.591317-04
19	audit	0001_initial	2025-05-03 19:45:35.606836-04
20	audit	0002_auditlog_content_type_alter_auditlog_object_id	2025-05-03 19:45:35.6362-04
21	audit	0003_remove_auditlog_content_type_and_more	2025-05-03 19:45:35.663349-04
22	auditlog	0001_initial	2025-05-03 19:45:35.684782-04
23	auditlog	0002_auto_support_long_primary_keys	2025-05-03 19:45:35.704109-04
24	auditlog	0003_logentry_remote_addr	2025-05-03 19:45:35.713653-04
25	auditlog	0004_logentry_detailed_object_repr	2025-05-03 19:45:35.71975-04
26	auditlog	0005_logentry_additional_data_verbose_name	2025-05-03 19:45:35.725719-04
27	auditlog	0006_object_pk_index	2025-05-03 19:45:35.739555-04
28	auditlog	0007_object_pk_type	2025-05-03 19:45:35.749629-04
29	auditlog	0008_action_index	2025-05-03 19:45:35.757023-04
30	auditlog	0009_alter_logentry_additional_data	2025-05-03 19:45:35.7644-04
31	auditlog	0010_alter_logentry_timestamp	2025-05-03 19:45:35.772687-04
32	auditlog	0011_logentry_serialized_data	2025-05-03 19:45:35.781989-04
33	auditlog	0012_add_logentry_action_access	2025-05-03 19:45:35.787661-04
34	auditlog	0013_alter_logentry_timestamp	2025-05-03 19:45:35.793946-04
35	auditlog	0014_logentry_cid	2025-05-03 19:45:35.803434-04
36	auditlog	0015_alter_logentry_changes	2025-05-03 19:45:35.825047-04
37	services	0001_initial	2025-05-03 19:45:35.83517-04
38	locations	0001_initial	2025-05-03 19:45:35.842146-04
39	events	0001_initial	2025-05-03 19:45:35.864898-04
40	sessions	0001_initial	2025-05-03 19:45:35.87198-04
41	backup	0001_initial	2025-05-04 07:55:39.991828-04
\.


--
-- Data for Name: django_session; Type: TABLE DATA; Schema: public; Owner: postgres
--

COPY public.django_session (session_key, session_data, expire_date) FROM stdin;
\.


--
-- Data for Name: events_event; Type: TABLE DATA; Schema: public; Owner: postgres
--

COPY public.events_event (id, name, description, start_date, end_date, status, image, created_at, updated_at, location_id) FROM stdin;
\.


--
-- Data for Name: events_event_services; Type: TABLE DATA; Schema: public; Owner: postgres
--

COPY public.events_event_services (id, event_id, service_id) FROM stdin;
\.


--
-- Data for Name: locations_location; Type: TABLE DATA; Schema: public; Owner: postgres
--

COPY public.locations_location (id, name, description, address, capacity, location_type, rental_price, price_unit, area_sqm, parking_spaces, environment_type, extra_hour_cost, provider, created_at, updated_at) FROM stdin;
\.


--
-- Data for Name: services_service; Type: TABLE DATA; Schema: public; Owner: postgres
--

COPY public.services_service (id, name, description, base_price, unit_measure, standard_duration, provider, created_at, updated_at) FROM stdin;
\.


--
-- Name: audit_auditlog_id_seq; Type: SEQUENCE SET; Schema: public; Owner: postgres
--

SELECT pg_catalog.setval('public.audit_auditlog_id_seq', 1, true);


--
-- Name: auditlog_logentry_id_seq; Type: SEQUENCE SET; Schema: public; Owner: postgres
--

SELECT pg_catalog.setval('public.auditlog_logentry_id_seq', 1, true);


--
-- Name: auth_group_id_seq; Type: SEQUENCE SET; Schema: public; Owner: postgres
--

SELECT pg_catalog.setval('public.auth_group_id_seq', 1, false);


--
-- Name: auth_group_permissions_id_seq; Type: SEQUENCE SET; Schema: public; Owner: postgres
--

SELECT pg_catalog.setval('public.auth_group_permissions_id_seq', 1, false);


--
-- Name: auth_permission_id_seq; Type: SEQUENCE SET; Schema: public; Owner: postgres
--

SELECT pg_catalog.setval('public.auth_permission_id_seq', 48, true);


--
-- Name: auth_user_groups_id_seq; Type: SEQUENCE SET; Schema: public; Owner: postgres
--

SELECT pg_catalog.setval('public.auth_user_groups_id_seq', 1, false);


--
-- Name: auth_user_id_seq; Type: SEQUENCE SET; Schema: public; Owner: postgres
--

SELECT pg_catalog.setval('public.auth_user_id_seq', 1, true);


--
-- Name: auth_user_user_permissions_id_seq; Type: SEQUENCE SET; Schema: public; Owner: postgres
--

SELECT pg_catalog.setval('public.auth_user_user_permissions_id_seq', 1, false);


--
-- Name: backup_backup_id_seq; Type: SEQUENCE SET; Schema: public; Owner: postgres
--

SELECT pg_catalog.setval('public.backup_backup_id_seq', 5, true);


--
-- Name: django_admin_log_id_seq; Type: SEQUENCE SET; Schema: public; Owner: postgres
--

SELECT pg_catalog.setval('public.django_admin_log_id_seq', 1, false);


--
-- Name: django_content_type_id_seq; Type: SEQUENCE SET; Schema: public; Owner: postgres
--

SELECT pg_catalog.setval('public.django_content_type_id_seq', 12, true);


--
-- Name: django_migrations_id_seq; Type: SEQUENCE SET; Schema: public; Owner: postgres
--

SELECT pg_catalog.setval('public.django_migrations_id_seq', 41, true);


--
-- Name: events_event_id_seq; Type: SEQUENCE SET; Schema: public; Owner: postgres
--

SELECT pg_catalog.setval('public.events_event_id_seq', 1, false);


--
-- Name: events_event_services_id_seq; Type: SEQUENCE SET; Schema: public; Owner: postgres
--

SELECT pg_catalog.setval('public.events_event_services_id_seq', 1, false);


--
-- Name: locations_location_id_seq; Type: SEQUENCE SET; Schema: public; Owner: postgres
--

SELECT pg_catalog.setval('public.locations_location_id_seq', 1, false);


--
-- Name: services_service_id_seq; Type: SEQUENCE SET; Schema: public; Owner: postgres
--

SELECT pg_catalog.setval('public.services_service_id_seq', 1, false);


--
-- Name: audit_auditlog audit_auditlog_pkey; Type: CONSTRAINT; Schema: public; Owner: postgres
--

ALTER TABLE ONLY public.audit_auditlog
    ADD CONSTRAINT audit_auditlog_pkey PRIMARY KEY (id);


--
-- Name: auditlog_logentry auditlog_logentry_pkey; Type: CONSTRAINT; Schema: public; Owner: postgres
--

ALTER TABLE ONLY public.auditlog_logentry
    ADD CONSTRAINT auditlog_logentry_pkey PRIMARY KEY (id);


--
-- Name: auth_group auth_group_name_key; Type: CONSTRAINT; Schema: public; Owner: postgres
--

ALTER TABLE ONLY public.auth_group
    ADD CONSTRAINT auth_group_name_key UNIQUE (name);


--
-- Name: auth_group_permissions auth_group_permissions_group_id_permission_id_0cd325b0_uniq; Type: CONSTRAINT; Schema: public; Owner: postgres
--

ALTER TABLE ONLY public.auth_group_permissions
    ADD CONSTRAINT auth_group_permissions_group_id_permission_id_0cd325b0_uniq UNIQUE (group_id, permission_id);


--
-- Name: auth_group_permissions auth_group_permissions_pkey; Type: CONSTRAINT; Schema: public; Owner: postgres
--

ALTER TABLE ONLY public.auth_group_permissions
    ADD CONSTRAINT auth_group_permissions_pkey PRIMARY KEY (id);


--
-- Name: auth_group auth_group_pkey; Type: CONSTRAINT; Schema: public; Owner: postgres
--

ALTER TABLE ONLY public.auth_group
    ADD CONSTRAINT auth_group_pkey PRIMARY KEY (id);


--
-- Name: auth_permission auth_permission_content_type_id_codename_01ab375a_uniq; Type: CONSTRAINT; Schema: public; Owner: postgres
--

ALTER TABLE ONLY public.auth_permission
    ADD CONSTRAINT auth_permission_content_type_id_codename_01ab375a_uniq UNIQUE (content_type_id, codename);


--
-- Name: auth_permission auth_permission_pkey; Type: CONSTRAINT; Schema: public; Owner: postgres
--

ALTER TABLE ONLY public.auth_permission
    ADD CONSTRAINT auth_permission_pkey PRIMARY KEY (id);


--
-- Name: auth_user_groups auth_user_groups_pkey; Type: CONSTRAINT; Schema: public; Owner: postgres
--

ALTER TABLE ONLY public.auth_user_groups
    ADD CONSTRAINT auth_user_groups_pkey PRIMARY KEY (id);


--
-- Name: auth_user_groups auth_user_groups_user_id_group_id_94350c0c_uniq; Type: CONSTRAINT; Schema: public; Owner: postgres
--

ALTER TABLE ONLY public.auth_user_groups
    ADD CONSTRAINT auth_user_groups_user_id_group_id_94350c0c_uniq UNIQUE (user_id, group_id);


--
-- Name: auth_user auth_user_pkey; Type: CONSTRAINT; Schema: public; Owner: postgres
--

ALTER TABLE ONLY public.auth_user
    ADD CONSTRAINT auth_user_pkey PRIMARY KEY (id);


--
-- Name: auth_user_user_permissions auth_user_user_permissions_pkey; Type: CONSTRAINT; Schema: public; Owner: postgres
--

ALTER TABLE ONLY public.auth_user_user_permissions
    ADD CONSTRAINT auth_user_user_permissions_pkey PRIMARY KEY (id);


--
-- Name: auth_user_user_permissions auth_user_user_permissions_user_id_permission_id_14a6b632_uniq; Type: CONSTRAINT; Schema: public; Owner: postgres
--

ALTER TABLE ONLY public.auth_user_user_permissions
    ADD CONSTRAINT auth_user_user_permissions_user_id_permission_id_14a6b632_uniq UNIQUE (user_id, permission_id);


--
-- Name: auth_user auth_user_username_key; Type: CONSTRAINT; Schema: public; Owner: postgres
--

ALTER TABLE ONLY public.auth_user
    ADD CONSTRAINT auth_user_username_key UNIQUE (username);


--
-- Name: backup_backup backup_backup_pkey; Type: CONSTRAINT; Schema: public; Owner: postgres
--

ALTER TABLE ONLY public.backup_backup
    ADD CONSTRAINT backup_backup_pkey PRIMARY KEY (id);


--
-- Name: django_admin_log django_admin_log_pkey; Type: CONSTRAINT; Schema: public; Owner: postgres
--

ALTER TABLE ONLY public.django_admin_log
    ADD CONSTRAINT django_admin_log_pkey PRIMARY KEY (id);


--
-- Name: django_content_type django_content_type_app_label_model_76bd3d3b_uniq; Type: CONSTRAINT; Schema: public; Owner: postgres
--

ALTER TABLE ONLY public.django_content_type
    ADD CONSTRAINT django_content_type_app_label_model_76bd3d3b_uniq UNIQUE (app_label, model);


--
-- Name: django_content_type django_content_type_pkey; Type: CONSTRAINT; Schema: public; Owner: postgres
--

ALTER TABLE ONLY public.django_content_type
    ADD CONSTRAINT django_content_type_pkey PRIMARY KEY (id);


--
-- Name: django_migrations django_migrations_pkey; Type: CONSTRAINT; Schema: public; Owner: postgres
--

ALTER TABLE ONLY public.django_migrations
    ADD CONSTRAINT django_migrations_pkey PRIMARY KEY (id);


--
-- Name: django_session django_session_pkey; Type: CONSTRAINT; Schema: public; Owner: postgres
--

ALTER TABLE ONLY public.django_session
    ADD CONSTRAINT django_session_pkey PRIMARY KEY (session_key);


--
-- Name: events_event events_event_pkey; Type: CONSTRAINT; Schema: public; Owner: postgres
--

ALTER TABLE ONLY public.events_event
    ADD CONSTRAINT events_event_pkey PRIMARY KEY (id);


--
-- Name: events_event_services events_event_services_event_id_service_id_a9914811_uniq; Type: CONSTRAINT; Schema: public; Owner: postgres
--

ALTER TABLE ONLY public.events_event_services
    ADD CONSTRAINT events_event_services_event_id_service_id_a9914811_uniq UNIQUE (event_id, service_id);


--
-- Name: events_event_services events_event_services_pkey; Type: CONSTRAINT; Schema: public; Owner: postgres
--

ALTER TABLE ONLY public.events_event_services
    ADD CONSTRAINT events_event_services_pkey PRIMARY KEY (id);


--
-- Name: locations_location locations_location_pkey; Type: CONSTRAINT; Schema: public; Owner: postgres
--

ALTER TABLE ONLY public.locations_location
    ADD CONSTRAINT locations_location_pkey PRIMARY KEY (id);


--
-- Name: services_service services_service_pkey; Type: CONSTRAINT; Schema: public; Owner: postgres
--

ALTER TABLE ONLY public.services_service
    ADD CONSTRAINT services_service_pkey PRIMARY KEY (id);


--
-- Name: audit_auditlog_user_id_c1cca96c; Type: INDEX; Schema: public; Owner: postgres
--

CREATE INDEX audit_auditlog_user_id_c1cca96c ON public.audit_auditlog USING btree (user_id);


--
-- Name: auditlog_logentry_action_229afe39; Type: INDEX; Schema: public; Owner: postgres
--

CREATE INDEX auditlog_logentry_action_229afe39 ON public.auditlog_logentry USING btree (action);


--
-- Name: auditlog_logentry_actor_id_959271d2; Type: INDEX; Schema: public; Owner: postgres
--

CREATE INDEX auditlog_logentry_actor_id_959271d2 ON public.auditlog_logentry USING btree (actor_id);


--
-- Name: auditlog_logentry_cid_9f467263; Type: INDEX; Schema: public; Owner: postgres
--

CREATE INDEX auditlog_logentry_cid_9f467263 ON public.auditlog_logentry USING btree (cid);


--
-- Name: auditlog_logentry_cid_9f467263_like; Type: INDEX; Schema: public; Owner: postgres
--

CREATE INDEX auditlog_logentry_cid_9f467263_like ON public.auditlog_logentry USING btree (cid varchar_pattern_ops);


--
-- Name: auditlog_logentry_content_type_id_75830218; Type: INDEX; Schema: public; Owner: postgres
--

CREATE INDEX auditlog_logentry_content_type_id_75830218 ON public.auditlog_logentry USING btree (content_type_id);


--
-- Name: auditlog_logentry_object_id_09c2eee8; Type: INDEX; Schema: public; Owner: postgres
--

CREATE INDEX auditlog_logentry_object_id_09c2eee8 ON public.auditlog_logentry USING btree (object_id);


--
-- Name: auditlog_logentry_object_pk_6e3219c0; Type: INDEX; Schema: public; Owner: postgres
--

CREATE INDEX auditlog_logentry_object_pk_6e3219c0 ON public.auditlog_logentry USING btree (object_pk);


--
-- Name: auditlog_logentry_object_pk_6e3219c0_like; Type: INDEX; Schema: public; Owner: postgres
--

CREATE INDEX auditlog_logentry_object_pk_6e3219c0_like ON public.auditlog_logentry USING btree (object_pk varchar_pattern_ops);


--
-- Name: auditlog_logentry_timestamp_37867bb0; Type: INDEX; Schema: public; Owner: postgres
--

CREATE INDEX auditlog_logentry_timestamp_37867bb0 ON public.auditlog_logentry USING btree ("timestamp");


--
-- Name: auth_group_name_a6ea08ec_like; Type: INDEX; Schema: public; Owner: postgres
--

CREATE INDEX auth_group_name_a6ea08ec_like ON public.auth_group USING btree (name varchar_pattern_ops);


--
-- Name: auth_group_permissions_group_id_b120cbf9; Type: INDEX; Schema: public; Owner: postgres
--

CREATE INDEX auth_group_permissions_group_id_b120cbf9 ON public.auth_group_permissions USING btree (group_id);


--
-- Name: auth_group_permissions_permission_id_84c5c92e; Type: INDEX; Schema: public; Owner: postgres
--

CREATE INDEX auth_group_permissions_permission_id_84c5c92e ON public.auth_group_permissions USING btree (permission_id);


--
-- Name: auth_permission_content_type_id_2f476e4b; Type: INDEX; Schema: public; Owner: postgres
--

CREATE INDEX auth_permission_content_type_id_2f476e4b ON public.auth_permission USING btree (content_type_id);


--
-- Name: auth_user_groups_group_id_97559544; Type: INDEX; Schema: public; Owner: postgres
--

CREATE INDEX auth_user_groups_group_id_97559544 ON public.auth_user_groups USING btree (group_id);


--
-- Name: auth_user_groups_user_id_6a12ed8b; Type: INDEX; Schema: public; Owner: postgres
--

CREATE INDEX auth_user_groups_user_id_6a12ed8b ON public.auth_user_groups USING btree (user_id);


--
-- Name: auth_user_user_permissions_permission_id_1fbb5f2c; Type: INDEX; Schema: public; Owner: postgres
--

CREATE INDEX auth_user_user_permissions_permission_id_1fbb5f2c ON public.auth_user_user_permissions USING btree (permission_id);


--
-- Name: auth_user_user_permissions_user_id_a95ead1b; Type: INDEX; Schema: public; Owner: postgres
--

CREATE INDEX auth_user_user_permissions_user_id_a95ead1b ON public.auth_user_user_permissions USING btree (user_id);


--
-- Name: auth_user_username_6821ab7c_like; Type: INDEX; Schema: public; Owner: postgres
--

CREATE INDEX auth_user_username_6821ab7c_like ON public.auth_user USING btree (username varchar_pattern_ops);


--
-- Name: django_admin_log_content_type_id_c4bce8eb; Type: INDEX; Schema: public; Owner: postgres
--

CREATE INDEX django_admin_log_content_type_id_c4bce8eb ON public.django_admin_log USING btree (content_type_id);


--
-- Name: django_admin_log_user_id_c564eba6; Type: INDEX; Schema: public; Owner: postgres
--

CREATE INDEX django_admin_log_user_id_c564eba6 ON public.django_admin_log USING btree (user_id);


--
-- Name: django_session_expire_date_a5c62663; Type: INDEX; Schema: public; Owner: postgres
--

CREATE INDEX django_session_expire_date_a5c62663 ON public.django_session USING btree (expire_date);


--
-- Name: django_session_session_key_c0390e0f_like; Type: INDEX; Schema: public; Owner: postgres
--

CREATE INDEX django_session_session_key_c0390e0f_like ON public.django_session USING btree (session_key varchar_pattern_ops);


--
-- Name: events_event_location_id_2fb4171f; Type: INDEX; Schema: public; Owner: postgres
--

CREATE INDEX events_event_location_id_2fb4171f ON public.events_event USING btree (location_id);


--
-- Name: events_event_services_event_id_1e4153cb; Type: INDEX; Schema: public; Owner: postgres
--

CREATE INDEX events_event_services_event_id_1e4153cb ON public.events_event_services USING btree (event_id);


--
-- Name: events_event_services_service_id_92243846; Type: INDEX; Schema: public; Owner: postgres
--

CREATE INDEX events_event_services_service_id_92243846 ON public.events_event_services USING btree (service_id);


--
-- Name: audit_auditlog audit_auditlog_user_id_c1cca96c_fk_auth_user_id; Type: FK CONSTRAINT; Schema: public; Owner: postgres
--

ALTER TABLE ONLY public.audit_auditlog
    ADD CONSTRAINT audit_auditlog_user_id_c1cca96c_fk_auth_user_id FOREIGN KEY (user_id) REFERENCES public.auth_user(id) DEFERRABLE INITIALLY DEFERRED;


--
-- Name: auditlog_logentry auditlog_logentry_actor_id_959271d2_fk_auth_user_id; Type: FK CONSTRAINT; Schema: public; Owner: postgres
--

ALTER TABLE ONLY public.auditlog_logentry
    ADD CONSTRAINT auditlog_logentry_actor_id_959271d2_fk_auth_user_id FOREIGN KEY (actor_id) REFERENCES public.auth_user(id) DEFERRABLE INITIALLY DEFERRED;


--
-- Name: auditlog_logentry auditlog_logentry_content_type_id_75830218_fk_django_co; Type: FK CONSTRAINT; Schema: public; Owner: postgres
--

ALTER TABLE ONLY public.auditlog_logentry
    ADD CONSTRAINT auditlog_logentry_content_type_id_75830218_fk_django_co FOREIGN KEY (content_type_id) REFERENCES public.django_content_type(id) DEFERRABLE INITIALLY DEFERRED;


--
-- Name: auth_group_permissions auth_group_permissio_permission_id_84c5c92e_fk_auth_perm; Type: FK CONSTRAINT; Schema: public; Owner: postgres
--

ALTER TABLE ONLY public.auth_group_permissions
    ADD CONSTRAINT auth_group_permissio_permission_id_84c5c92e_fk_auth_perm FOREIGN KEY (permission_id) REFERENCES public.auth_permission(id) DEFERRABLE INITIALLY DEFERRED;


--
-- Name: auth_group_permissions auth_group_permissions_group_id_b120cbf9_fk_auth_group_id; Type: FK CONSTRAINT; Schema: public; Owner: postgres
--

ALTER TABLE ONLY public.auth_group_permissions
    ADD CONSTRAINT auth_group_permissions_group_id_b120cbf9_fk_auth_group_id FOREIGN KEY (group_id) REFERENCES public.auth_group(id) DEFERRABLE INITIALLY DEFERRED;


--
-- Name: auth_permission auth_permission_content_type_id_2f476e4b_fk_django_co; Type: FK CONSTRAINT; Schema: public; Owner: postgres
--

ALTER TABLE ONLY public.auth_permission
    ADD CONSTRAINT auth_permission_content_type_id_2f476e4b_fk_django_co FOREIGN KEY (content_type_id) REFERENCES public.django_content_type(id) DEFERRABLE INITIALLY DEFERRED;


--
-- Name: auth_user_groups auth_user_groups_group_id_97559544_fk_auth_group_id; Type: FK CONSTRAINT; Schema: public; Owner: postgres
--

ALTER TABLE ONLY public.auth_user_groups
    ADD CONSTRAINT auth_user_groups_group_id_97559544_fk_auth_group_id FOREIGN KEY (group_id) REFERENCES public.auth_group(id) DEFERRABLE INITIALLY DEFERRED;


--
-- Name: auth_user_groups auth_user_groups_user_id_6a12ed8b_fk_auth_user_id; Type: FK CONSTRAINT; Schema: public; Owner: postgres
--

ALTER TABLE ONLY public.auth_user_groups
    ADD CONSTRAINT auth_user_groups_user_id_6a12ed8b_fk_auth_user_id FOREIGN KEY (user_id) REFERENCES public.auth_user(id) DEFERRABLE INITIALLY DEFERRED;


--
-- Name: auth_user_user_permissions auth_user_user_permi_permission_id_1fbb5f2c_fk_auth_perm; Type: FK CONSTRAINT; Schema: public; Owner: postgres
--

ALTER TABLE ONLY public.auth_user_user_permissions
    ADD CONSTRAINT auth_user_user_permi_permission_id_1fbb5f2c_fk_auth_perm FOREIGN KEY (permission_id) REFERENCES public.auth_permission(id) DEFERRABLE INITIALLY DEFERRED;


--
-- Name: auth_user_user_permissions auth_user_user_permissions_user_id_a95ead1b_fk_auth_user_id; Type: FK CONSTRAINT; Schema: public; Owner: postgres
--

ALTER TABLE ONLY public.auth_user_user_permissions
    ADD CONSTRAINT auth_user_user_permissions_user_id_a95ead1b_fk_auth_user_id FOREIGN KEY (user_id) REFERENCES public.auth_user(id) DEFERRABLE INITIALLY DEFERRED;


--
-- Name: django_admin_log django_admin_log_content_type_id_c4bce8eb_fk_django_co; Type: FK CONSTRAINT; Schema: public; Owner: postgres
--

ALTER TABLE ONLY public.django_admin_log
    ADD CONSTRAINT django_admin_log_content_type_id_c4bce8eb_fk_django_co FOREIGN KEY (content_type_id) REFERENCES public.django_content_type(id) DEFERRABLE INITIALLY DEFERRED;


--
-- Name: django_admin_log django_admin_log_user_id_c564eba6_fk_auth_user_id; Type: FK CONSTRAINT; Schema: public; Owner: postgres
--

ALTER TABLE ONLY public.django_admin_log
    ADD CONSTRAINT django_admin_log_user_id_c564eba6_fk_auth_user_id FOREIGN KEY (user_id) REFERENCES public.auth_user(id) DEFERRABLE INITIALLY DEFERRED;


--
-- Name: events_event events_event_location_id_2fb4171f_fk_locations_location_id; Type: FK CONSTRAINT; Schema: public; Owner: postgres
--

ALTER TABLE ONLY public.events_event
    ADD CONSTRAINT events_event_location_id_2fb4171f_fk_locations_location_id FOREIGN KEY (location_id) REFERENCES public.locations_location(id) DEFERRABLE INITIALLY DEFERRED;


--
-- Name: events_event_services events_event_service_service_id_92243846_fk_services_; Type: FK CONSTRAINT; Schema: public; Owner: postgres
--

ALTER TABLE ONLY public.events_event_services
    ADD CONSTRAINT events_event_service_service_id_92243846_fk_services_ FOREIGN KEY (service_id) REFERENCES public.services_service(id) DEFERRABLE INITIALLY DEFERRED;


--
-- Name: events_event_services events_event_services_event_id_1e4153cb_fk_events_event_id; Type: FK CONSTRAINT; Schema: public; Owner: postgres
--

ALTER TABLE ONLY public.events_event_services
    ADD CONSTRAINT events_event_services_event_id_1e4153cb_fk_events_event_id FOREIGN KEY (event_id) REFERENCES public.events_event(id) DEFERRABLE INITIALLY DEFERRED;


--
-- PostgreSQL database dump complete
--

