--
-- PostgreSQL database dump
--

-- Dumped from database version 17.4
-- Dumped by pg_dump version 17.4

SET statement_timeout = 0;
SET lock_timeout = 0;
SET idle_in_transaction_session_timeout = 0;
SET transaction_timeout = 0;
SET client_encoding = 'UTF8';
SET standard_conforming_strings = on;
SELECT pg_catalog.set_config('search_path', '', false);
SET check_function_bodies = false;
SET xmloption = content;
SET client_min_messages = warning;
SET row_security = off;

SET default_tablespace = '';

SET default_table_access_method = heap;

--
-- Name: audit_auditlog; Type: TABLE; Schema: public; Owner: postgres
--

CREATE TABLE public.audit_auditlog (
    id bigint NOT NULL,
    "timestamp" timestamp with time zone NOT NULL,
    action character varying(10) NOT NULL,
    model character varying(50) NOT NULL,
    object_id character varying(50),
    detail text,
    ip_address inet,
    user_id bigint
);


ALTER TABLE public.audit_auditlog OWNER TO postgres;

--
-- Name: audit_auditlog_id_seq; Type: SEQUENCE; Schema: public; Owner: postgres
--

ALTER TABLE public.audit_auditlog ALTER COLUMN id ADD GENERATED BY DEFAULT AS IDENTITY (
    SEQUENCE NAME public.audit_auditlog_id_seq
    START WITH 1
    INCREMENT BY 1
    NO MINVALUE
    NO MAXVALUE
    CACHE 1
);


--
-- Name: auditlog_logentry; Type: TABLE; Schema: public; Owner: postgres
--

CREATE TABLE public.auditlog_logentry (
    id integer NOT NULL,
    object_pk character varying(255) NOT NULL,
    object_id bigint,
    object_repr text NOT NULL,
    action smallint NOT NULL,
    changes jsonb,
    "timestamp" timestamp with time zone NOT NULL,
    actor_id bigint,
    content_type_id integer NOT NULL,
    remote_addr inet,
    additional_data jsonb,
    serialized_data jsonb,
    cid character varying(255),
    changes_text text NOT NULL,
    CONSTRAINT auditlog_logentry_action_check CHECK ((action >= 0))
);


ALTER TABLE public.auditlog_logentry OWNER TO postgres;

--
-- Name: auditlog_logentry_id_seq; Type: SEQUENCE; Schema: public; Owner: postgres
--

ALTER TABLE public.auditlog_logentry ALTER COLUMN id ADD GENERATED BY DEFAULT AS IDENTITY (
    SEQUENCE NAME public.auditlog_logentry_id_seq
    START WITH 1
    INCREMENT BY 1
    NO MINVALUE
    NO MAXVALUE
    CACHE 1
);


--
-- Name: auth_group; Type: TABLE; Schema: public; Owner: postgres
--

CREATE TABLE public.auth_group (
    id integer NOT NULL,
    name character varying(150) NOT NULL
);


ALTER TABLE public.auth_group OWNER TO postgres;

--
-- Name: auth_group_id_seq; Type: SEQUENCE; Schema: public; Owner: postgres
--

ALTER TABLE public.auth_group ALTER COLUMN id ADD GENERATED BY DEFAULT AS IDENTITY (
    SEQUENCE NAME public.auth_group_id_seq
    START WITH 1
    INCREMENT BY 1
    NO MINVALUE
    NO MAXVALUE
    CACHE 1
);


--
-- Name: auth_group_permissions; Type: TABLE; Schema: public; Owner: postgres
--

CREATE TABLE public.auth_group_permissions (
    id bigint NOT NULL,
    group_id integer NOT NULL,
    permission_id integer NOT NULL
);


ALTER TABLE public.auth_group_permissions OWNER TO postgres;

--
-- Name: auth_group_permissions_id_seq; Type: SEQUENCE; Schema: public; Owner: postgres
--

ALTER TABLE public.auth_group_permissions ALTER COLUMN id ADD GENERATED BY DEFAULT AS IDENTITY (
    SEQUENCE NAME public.auth_group_permissions_id_seq
    START WITH 1
    INCREMENT BY 1
    NO MINVALUE
    NO MAXVALUE
    CACHE 1
);


--
-- Name: auth_permission; Type: TABLE; Schema: public; Owner: postgres
--

CREATE TABLE public.auth_permission (
    id integer NOT NULL,
    name character varying(255) NOT NULL,
    content_type_id integer NOT NULL,
    codename character varying(100) NOT NULL
);


ALTER TABLE public.auth_permission OWNER TO postgres;

--
-- Name: auth_permission_id_seq; Type: SEQUENCE; Schema: public; Owner: postgres
--

ALTER TABLE public.auth_permission ALTER COLUMN id ADD GENERATED BY DEFAULT AS IDENTITY (
    SEQUENCE NAME public.auth_permission_id_seq
    START WITH 1
    INCREMENT BY 1
    NO MINVALUE
    NO MAXVALUE
    CACHE 1
);


--
-- Name: auth_user; Type: TABLE; Schema: public; Owner: postgres
--

CREATE TABLE public.auth_user (
    id bigint NOT NULL,
    password character varying(128) NOT NULL,
    last_login timestamp with time zone,
    is_superuser boolean NOT NULL,
    username character varying(150) NOT NULL,
    first_name character varying(150) NOT NULL,
    last_name character varying(150) NOT NULL,
    email character varying(254) NOT NULL,
    is_staff boolean NOT NULL,
    is_active boolean NOT NULL,
    date_joined timestamp with time zone NOT NULL,
    user_type character varying(10) NOT NULL,
    phone character varying(15),
    address text,
    company_id bigint
);


ALTER TABLE public.auth_user OWNER TO postgres;

--
-- Name: auth_user_groups; Type: TABLE; Schema: public; Owner: postgres
--

CREATE TABLE public.auth_user_groups (
    id bigint NOT NULL,
    user_id bigint NOT NULL,
    group_id integer NOT NULL
);


ALTER TABLE public.auth_user_groups OWNER TO postgres;

--
-- Name: auth_user_groups_id_seq; Type: SEQUENCE; Schema: public; Owner: postgres
--

ALTER TABLE public.auth_user_groups ALTER COLUMN id ADD GENERATED BY DEFAULT AS IDENTITY (
    SEQUENCE NAME public.auth_user_groups_id_seq
    START WITH 1
    INCREMENT BY 1
    NO MINVALUE
    NO MAXVALUE
    CACHE 1
);


--
-- Name: auth_user_id_seq; Type: SEQUENCE; Schema: public; Owner: postgres
--

ALTER TABLE public.auth_user ALTER COLUMN id ADD GENERATED BY DEFAULT AS IDENTITY (
    SEQUENCE NAME public.auth_user_id_seq
    START WITH 1
    INCREMENT BY 1
    NO MINVALUE
    NO MAXVALUE
    CACHE 1
);


--
-- Name: auth_user_user_permissions; Type: TABLE; Schema: public; Owner: postgres
--

CREATE TABLE public.auth_user_user_permissions (
    id bigint NOT NULL,
    user_id bigint NOT NULL,
    permission_id integer NOT NULL
);


ALTER TABLE public.auth_user_user_permissions OWNER TO postgres;

--
-- Name: auth_user_user_permissions_id_seq; Type: SEQUENCE; Schema: public; Owner: postgres
--

ALTER TABLE public.auth_user_user_permissions ALTER COLUMN id ADD GENERATED BY DEFAULT AS IDENTITY (
    SEQUENCE NAME public.auth_user_user_permissions_id_seq
    START WITH 1
    INCREMENT BY 1
    NO MINVALUE
    NO MAXVALUE
    CACHE 1
);


--
-- Name: backup_backup; Type: TABLE; Schema: public; Owner: postgres
--

CREATE TABLE public.backup_backup (
    id bigint NOT NULL,
    file_name character varying(255) NOT NULL,
    backup_type character varying(12) NOT NULL,
    created_at timestamp with time zone NOT NULL,
    updated_at timestamp with time zone NOT NULL
);


ALTER TABLE public.backup_backup OWNER TO postgres;

--
-- Name: backup_backup_id_seq; Type: SEQUENCE; Schema: public; Owner: postgres
--

ALTER TABLE public.backup_backup ALTER COLUMN id ADD GENERATED BY DEFAULT AS IDENTITY (
    SEQUENCE NAME public.backup_backup_id_seq
    START WITH 1
    INCREMENT BY 1
    NO MINVALUE
    NO MAXVALUE
    CACHE 1
);


--
-- Name: companies_company; Type: TABLE; Schema: public; Owner: postgres
--

CREATE TABLE public.companies_company (
    id bigint NOT NULL,
    name character varying(100) NOT NULL,
    description text,
    website character varying,
    logo_url character varying,
    is_active boolean NOT NULL,
    created_at timestamp with time zone NOT NULL
);


ALTER TABLE public.companies_company OWNER TO postgres;

--
-- Name: companies_company_id_seq; Type: SEQUENCE; Schema: public; Owner: postgres
--

ALTER TABLE public.companies_company ALTER COLUMN id ADD GENERATED BY DEFAULT AS IDENTITY (
    SEQUENCE NAME public.companies_company_id_seq
    START WITH 1
    INCREMENT BY 1
    NO MINVALUE
    NO MAXVALUE
    CACHE 1
);


--
-- Name: django_admin_log; Type: TABLE; Schema: public; Owner: postgres
--

CREATE TABLE public.django_admin_log (
    id integer NOT NULL,
    action_time timestamp with time zone NOT NULL,
    object_id text,
    object_repr character varying(200) NOT NULL,
    action_flag smallint NOT NULL,
    change_message text NOT NULL,
    content_type_id integer,
    user_id bigint NOT NULL,
    CONSTRAINT django_admin_log_action_flag_check CHECK ((action_flag >= 0))
);


ALTER TABLE public.django_admin_log OWNER TO postgres;

--
-- Name: django_admin_log_id_seq; Type: SEQUENCE; Schema: public; Owner: postgres
--

ALTER TABLE public.django_admin_log ALTER COLUMN id ADD GENERATED BY DEFAULT AS IDENTITY (
    SEQUENCE NAME public.django_admin_log_id_seq
    START WITH 1
    INCREMENT BY 1
    NO MINVALUE
    NO MAXVALUE
    CACHE 1
);


--
-- Name: django_content_type; Type: TABLE; Schema: public; Owner: postgres
--

CREATE TABLE public.django_content_type (
    id integer NOT NULL,
    app_label character varying(100) NOT NULL,
    model character varying(100) NOT NULL
);


ALTER TABLE public.django_content_type OWNER TO postgres;

--
-- Name: django_content_type_id_seq; Type: SEQUENCE; Schema: public; Owner: postgres
--

ALTER TABLE public.django_content_type ALTER COLUMN id ADD GENERATED BY DEFAULT AS IDENTITY (
    SEQUENCE NAME public.django_content_type_id_seq
    START WITH 1
    INCREMENT BY 1
    NO MINVALUE
    NO MAXVALUE
    CACHE 1
);


--
-- Name: django_migrations; Type: TABLE; Schema: public; Owner: postgres
--

CREATE TABLE public.django_migrations (
    id bigint NOT NULL,
    app character varying(255) NOT NULL,
    name character varying(255) NOT NULL,
    applied timestamp with time zone NOT NULL
);


ALTER TABLE public.django_migrations OWNER TO postgres;

--
-- Name: django_migrations_id_seq; Type: SEQUENCE; Schema: public; Owner: postgres
--

ALTER TABLE public.django_migrations ALTER COLUMN id ADD GENERATED BY DEFAULT AS IDENTITY (
    SEQUENCE NAME public.django_migrations_id_seq
    START WITH 1
    INCREMENT BY 1
    NO MINVALUE
    NO MAXVALUE
    CACHE 1
);


--
-- Name: django_session; Type: TABLE; Schema: public; Owner: postgres
--

CREATE TABLE public.django_session (
    session_key character varying(40) NOT NULL,
    session_data text NOT NULL,
    expire_date timestamp with time zone NOT NULL
);


ALTER TABLE public.django_session OWNER TO postgres;

--
-- Name: events_event; Type: TABLE; Schema: public; Owner: postgres
--

CREATE TABLE public.events_event (
    id bigint NOT NULL,
    name character varying(200) NOT NULL,
    description text NOT NULL,
    start_date timestamp with time zone NOT NULL,
    end_date timestamp with time zone NOT NULL,
    status character varying(20) NOT NULL,
    image character varying(500),
    created_at timestamp with time zone NOT NULL,
    updated_at timestamp with time zone NOT NULL,
    location_id bigint NOT NULL,
    company_id bigint NOT NULL
);


ALTER TABLE public.events_event OWNER TO postgres;

--
-- Name: events_event_id_seq; Type: SEQUENCE; Schema: public; Owner: postgres
--

ALTER TABLE public.events_event ALTER COLUMN id ADD GENERATED BY DEFAULT AS IDENTITY (
    SEQUENCE NAME public.events_event_id_seq
    START WITH 1
    INCREMENT BY 1
    NO MINVALUE
    NO MAXVALUE
    CACHE 1
);


--
-- Name: events_event_services; Type: TABLE; Schema: public; Owner: postgres
--

CREATE TABLE public.events_event_services (
    id bigint NOT NULL,
    event_id bigint NOT NULL,
    service_id bigint NOT NULL
);


ALTER TABLE public.events_event_services OWNER TO postgres;

--
-- Name: events_event_services_id_seq; Type: SEQUENCE; Schema: public; Owner: postgres
--

ALTER TABLE public.events_event_services ALTER COLUMN id ADD GENERATED BY DEFAULT AS IDENTITY (
    SEQUENCE NAME public.events_event_services_id_seq
    START WITH 1
    INCREMENT BY 1
    NO MINVALUE
    NO MAXVALUE
    CACHE 1
);


--
-- Name: locations_location; Type: TABLE; Schema: public; Owner: postgres
--

CREATE TABLE public.locations_location (
    id bigint NOT NULL,
    name character varying(100) NOT NULL,
    description text NOT NULL,
    address text NOT NULL,
    capacity integer NOT NULL,
    location_type character varying(20) NOT NULL,
    rental_price numeric(10,2) NOT NULL,
    price_unit character varying(10) NOT NULL,
    area_sqm integer NOT NULL,
    parking_spaces integer NOT NULL,
    environment_type character varying(15) NOT NULL,
    extra_hour_cost numeric(8,2) NOT NULL,
    provider character varying(100),
    created_at timestamp with time zone NOT NULL,
    updated_at timestamp with time zone NOT NULL,
    company_id bigint NOT NULL,
    CONSTRAINT locations_location_area_sqm_check CHECK ((area_sqm >= 0)),
    CONSTRAINT locations_location_capacity_check CHECK ((capacity >= 0)),
    CONSTRAINT locations_location_parking_spaces_check CHECK ((parking_spaces >= 0))
);


ALTER TABLE public.locations_location OWNER TO postgres;

--
-- Name: locations_location_id_seq; Type: SEQUENCE; Schema: public; Owner: postgres
--

ALTER TABLE public.locations_location ALTER COLUMN id ADD GENERATED BY DEFAULT AS IDENTITY (
    SEQUENCE NAME public.locations_location_id_seq
    START WITH 1
    INCREMENT BY 1
    NO MINVALUE
    NO MAXVALUE
    CACHE 1
);


--
-- Name: packages_package; Type: TABLE; Schema: public; Owner: postgres
--

CREATE TABLE public.packages_package (
    id bigint NOT NULL,
    name character varying(200) NOT NULL,
    description text NOT NULL,
    image character varying(500),
    company_id bigint NOT NULL
);


ALTER TABLE public.packages_package OWNER TO postgres;

--
-- Name: packages_package_id_seq; Type: SEQUENCE; Schema: public; Owner: postgres
--

ALTER TABLE public.packages_package ALTER COLUMN id ADD GENERATED BY DEFAULT AS IDENTITY (
    SEQUENCE NAME public.packages_package_id_seq
    START WITH 1
    INCREMENT BY 1
    NO MINVALUE
    NO MAXVALUE
    CACHE 1
);


--
-- Name: packages_package_services; Type: TABLE; Schema: public; Owner: postgres
--

CREATE TABLE public.packages_package_services (
    id bigint NOT NULL,
    package_id bigint NOT NULL,
    service_id bigint NOT NULL
);


ALTER TABLE public.packages_package_services OWNER TO postgres;

--
-- Name: packages_package_services_id_seq; Type: SEQUENCE; Schema: public; Owner: postgres
--

ALTER TABLE public.packages_package_services ALTER COLUMN id ADD GENERATED BY DEFAULT AS IDENTITY (
    SEQUENCE NAME public.packages_package_services_id_seq
    START WITH 1
    INCREMENT BY 1
    NO MINVALUE
    NO MAXVALUE
    CACHE 1
);


--
-- Name: services_service; Type: TABLE; Schema: public; Owner: postgres
--

CREATE TABLE public.services_service (
    id bigint NOT NULL,
    name character varying(100) NOT NULL,
    description text NOT NULL,
    base_price numeric(10,2) NOT NULL,
    unit_measure character varying(10) NOT NULL,
    standard_duration integer,
    provider character varying(100) NOT NULL,
    created_at timestamp with time zone NOT NULL,
    updated_at timestamp with time zone NOT NULL,
    company_id bigint NOT NULL,
    CONSTRAINT services_service_standard_duration_check CHECK ((standard_duration >= 0))
);


ALTER TABLE public.services_service OWNER TO postgres;

--
-- Name: services_service_id_seq; Type: SEQUENCE; Schema: public; Owner: postgres
--

ALTER TABLE public.services_service ALTER COLUMN id ADD GENERATED BY DEFAULT AS IDENTITY (
    SEQUENCE NAME public.services_service_id_seq
    START WITH 1
    INCREMENT BY 1
    NO MINVALUE
    NO MAXVALUE
    CACHE 1
);


--
-- Name: subscriptions_subscription; Type: TABLE; Schema: public; Owner: postgres
--

CREATE TABLE public.subscriptions_subscription (
    id bigint NOT NULL,
    plan_type character varying(20) NOT NULL,
    status character varying(20) NOT NULL,
    stripe_customer_id character varying(100),
    stripe_subscription_id character varying(100),
    start_date timestamp with time zone NOT NULL,
    end_date timestamp with time zone,
    created_at timestamp with time zone NOT NULL,
    updated_at timestamp with time zone NOT NULL,
    company_id bigint NOT NULL
);


ALTER TABLE public.subscriptions_subscription OWNER TO postgres;

--
-- Name: subscriptions_subscription_id_seq; Type: SEQUENCE; Schema: public; Owner: postgres
--

ALTER TABLE public.subscriptions_subscription ALTER COLUMN id ADD GENERATED BY DEFAULT AS IDENTITY (
    SEQUENCE NAME public.subscriptions_subscription_id_seq
    START WITH 1
    INCREMENT BY 1
    NO MINVALUE
    NO MAXVALUE
    CACHE 1
);


--
-- Data for Name: audit_auditlog; Type: TABLE DATA; Schema: public; Owner: postgres
--

COPY public.audit_auditlog (id, "timestamp", action, model, object_id, detail, ip_address, user_id) FROM stdin;
72	2025-05-04 18:42:03.539493-04	LOGIN	Auth	\N	Inicio de sesión del usuario "admin"	127.0.0.1	1
31	2025-04-27 17:21:24.372272-04	LOGIN	Auth	\N	Inicio de sesión del usuario clientechad	127.0.0.1	\N
32	2025-04-27 17:21:28.525337-04	LOGOUT	Auth	\N	Cierre de sesión del usuario clientechad	127.0.0.1	\N
33	2025-04-27 17:21:28.526312-04	LOGOUT	Auth	\N	Cierre de sesión del usuario clientechad	127.0.0.1	\N
34	2025-04-27 17:22:45.986351-04	LOGIN	Auth	\N	Inicio de sesión del usuario clientechad	127.0.0.1	\N
35	2025-04-27 17:22:54.732493-04	LOGOUT	Auth	\N	Cierre de sesión del usuario clientechad	127.0.0.1	\N
36	2025-04-27 17:22:54.73651-04	LOGOUT	Auth	\N	Cierre de sesión del usuario clientechad	127.0.0.1	\N
43	2025-04-27 17:28:02.347236-04	LOGIN	Auth	\N	Inicio de sesión del usuario clientechad	127.0.0.1	\N
44	2025-04-27 17:28:10.306874-04	LOGOUT	Auth	\N	Cierre de sesión del usuario clientechad	127.0.0.1	\N
45	2025-04-27 17:28:10.307832-04	LOGOUT	Auth	\N	Cierre de sesión del usuario clientechad	127.0.0.1	\N
48	2025-04-27 17:42:48.950918-04	LOGIN	Auth	\N	Inicio de sesión del usuario clientechad	127.0.0.1	\N
49	2025-04-27 17:42:55.389792-04	LOGOUT	Auth	\N	Cierre de sesión del usuario clientechad	127.0.0.1	\N
74	2025-05-04 18:43:53.097995-04	LOGOUT	Auth	\N	Cierre de sesión del usuario "admin"	127.0.0.1	1
76	2025-05-04 18:49:06.781925-04	DELETE	Service	4	Service 'asd' eliminado	127.0.0.1	12
78	2025-05-05 14:47:57.122526-04	LOGIN	Auth	\N	Inicio de sesión del usuario "admin"	127.0.0.1	1
80	2025-05-05 14:48:06.259968-04	LOGIN	Auth	\N	Inicio de sesión del usuario "admin.saona"	127.0.0.1	12
82	2025-05-05 18:46:05.496406-04	LOGIN	Auth	\N	Inicio de sesión del usuario "admin.saona"	127.0.0.1	12
84	2025-05-06 00:08:00.976752-04	LOGOUT	Auth	\N	Cierre de sesión del usuario "admin"	127.0.0.1	1
86	2025-05-06 00:53:55.424231-04	LOGOUT	Auth	\N	Cierre de sesión del usuario "admin.saona"	127.0.0.1	12
88	2025-05-06 01:06:16.071919-04	LOGIN	Auth	\N	Inicio de sesión del usuario "admin"	127.0.0.1	1
90	2025-05-06 01:08:08.876296-04	LOGIN	Auth	\N	Inicio de sesión del usuario "admin.saona"	127.0.0.1	12
92	2025-05-06 03:42:04.155412-04	LOGOUT	Auth	\N	Cierre de sesión del usuario "admin"	127.0.0.1	1
94	2025-05-06 04:07:31.632473-04	LOGOUT	Auth	\N	Cierre de sesión del usuario "admin.saona"	127.0.0.1	12
96	2025-05-06 05:21:31.38195-04	LOGIN	Auth	\N	Inicio de sesión del usuario "admin.saona"	127.0.0.1	12
98	2025-05-06 05:56:40.829109-04	LOGIN	Auth	\N	Inicio de sesión del usuario "admin.saona"	127.0.0.1	12
100	2025-05-06 05:59:10.572783-04	LOGOUT	Auth	\N	Cierre de sesión del usuario "admin.saona"	127.0.0.1	12
102	2025-05-19 14:02:45.781313-04	LOGIN	Auth	\N	Inicio de sesión del usuario "admin"	127.0.0.1	1
103	2025-05-19 14:03:02.470898-04	LOGOUT	Auth	\N	Cierre de sesión del usuario "admin"	127.0.0.1	1
104	2025-05-19 14:03:09.078225-04	LOGIN	Auth	\N	Inicio de sesión del usuario "admin.saona"	127.0.0.1	12
105	2025-05-19 14:29:36.247971-04	UPDATE	Service	7	Service 'Servicio de Catering' actualizado. Cambios: provider: Pollo Kikys → Kikys	127.0.0.1	12
106	2025-05-19 19:17:43.458367-04	LOGIN	Auth	\N	Inicio de sesión del usuario "admin.saona"	127.0.0.1	12
107	2025-05-19 19:28:24.510123-04	DELETE	Service	6	Service 'qwe' eliminado	127.0.0.1	12
108	2025-05-19 20:17:25.563406-04	UPDATE	Event	3	Event 'qwe' actualizado. Cambios: 	127.0.0.1	12
109	2025-05-19 20:18:02.009778-04	LOGIN	Auth	\N	Inicio de sesión del usuario "admin.saona"	127.0.0.1	12
110	2025-05-19 20:35:48.427924-04	UPDATE	Package	1	Package 'Paquete Quinceaños2' actualizado. Cambios: name: Paquete Quinceaños → Paquete Quinceaños2	127.0.0.1	12
1	2025-04-17 00:11:47.033072-04	CREATE	User	8	Usuario 'cliente1111' creado	127.0.0.1	\N
2	2025-04-17 00:30:58.685073-04	CREATE	User	9	Usuario 'cliente231' creado	127.0.0.1	\N
4	2025-04-17 01:13:40.833426-04	UPDATE	User	3	Usuario 'clientzzzzz' actualizado. Cambios: username: cliente2 → clientzzzzz	127.0.0.1	\N
5	2025-04-17 03:20:57.793948-04	CREATE	User	11	Usuario 'Cliente_nuevo' creado	127.0.0.1	\N
8	2025-04-17 03:21:33.556562-04	DELETE	User	5	Usuario 'cliente4' eliminado	127.0.0.1	\N
10	2025-04-17 03:21:45.263629-04	DELETE	User	6	Usuario 'cliente6' eliminado	127.0.0.1	\N
12	2025-04-17 03:22:56.416376-04	UPDATE	User	11	Usuario 'Cliente_nuevo' actualizado. Cambios: tipo: customer → staff	127.0.0.1	\N
13	2025-04-26 22:16:49.234098-04	UPDATE	User	3	Usuario 'clientechad' actualizado. Cambios: username: clientzzzzz → clientechad, email: pla@ma.com → plass@ma.com	127.0.0.1	\N
14	2025-04-27 16:37:33.107729-04	LOGIN	Auth	\N	Inicio de sesión del usuario admin	127.0.0.1	\N
15	2025-04-27 16:38:55.242036-04	LOGIN	Auth	\N	Inicio de sesión del usuario admin	127.0.0.1	\N
16	2025-04-27 16:42:04.006467-04	LOGIN	Auth	\N	Inicio de sesión del usuario admin	127.0.0.1	\N
17	2025-04-27 16:46:56.409552-04	LOGIN	Auth	\N	Inicio de sesión del usuario admin	127.0.0.1	\N
18	2025-04-27 16:52:53.280783-04	LOGIN	Auth	\N	Inicio de sesión del usuario admin	127.0.0.1	\N
19	2025-04-27 16:52:56.905007-04	LOGOUT	Auth	\N	Cierre de sesión del usuario admin	127.0.0.1	\N
20	2025-04-27 16:52:56.908288-04	LOGOUT	Auth	\N	Cierre de sesión del usuario admin	127.0.0.1	\N
21	2025-04-27 16:53:06.226919-04	LOGIN	Auth	\N	Inicio de sesión del usuario admin	127.0.0.1	\N
22	2025-04-27 17:11:46.439492-04	LOGOUT	Auth	\N	Cierre de sesión del usuario admin	127.0.0.1	\N
23	2025-04-27 17:11:46.44124-04	LOGOUT	Auth	\N	Cierre de sesión del usuario admin	127.0.0.1	\N
24	2025-04-27 17:12:51.190628-04	LOGIN	Auth	\N	Inicio de sesión del usuario admin	127.0.0.1	\N
25	2025-04-27 17:14:29.291457-04	LOGIN	Auth	\N	Inicio de sesión del usuario admin	127.0.0.1	\N
26	2025-04-27 17:14:38.680424-04	LOGOUT	Auth	\N	Cierre de sesión del usuario admin	127.0.0.1	\N
27	2025-04-27 17:14:38.68393-04	LOGOUT	Auth	\N	Cierre de sesión del usuario admin	127.0.0.1	\N
28	2025-04-27 17:16:31.310269-04	LOGIN	Auth	\N	Inicio de sesión del usuario admin	127.0.0.1	\N
29	2025-04-27 17:21:14.859281-04	LOGOUT	Auth	\N	Cierre de sesión del usuario admin	127.0.0.1	\N
30	2025-04-27 17:21:14.860629-04	LOGOUT	Auth	\N	Cierre de sesión del usuario admin	127.0.0.1	\N
37	2025-04-27 17:23:03.296345-04	LOGOUT	Auth	\N	Cierre de sesión del usuario admin	127.0.0.1	\N
38	2025-04-27 17:23:03.30114-04	LOGOUT	Auth	\N	Cierre de sesión del usuario admin	127.0.0.1	\N
39	2025-04-27 17:23:07.812812-04	LOGIN	Auth	\N	Inicio de sesión del usuario admin	127.0.0.1	\N
40	2025-04-27 17:23:18.962307-04	LOGOUT	Auth	\N	Cierre de sesión del usuario admin	127.0.0.1	\N
41	2025-04-27 17:23:18.962908-04	LOGOUT	Auth	\N	Cierre de sesión del usuario admin	127.0.0.1	\N
42	2025-04-27 17:23:24.685854-04	LOGIN	Auth	\N	Inicio de sesión del usuario admin	127.0.0.1	\N
46	2025-04-27 17:42:25.088737-04	LOGIN	Auth	\N	Inicio de sesión del usuario admin	127.0.0.1	\N
47	2025-04-27 17:42:37.39328-04	LOGOUT	Auth	\N	Cierre de sesión del usuario admin	127.0.0.1	\N
50	2025-04-27 19:33:09.880258-04	LOGOUT	Auth	\N	Cierre de sesión del usuario "admin"	127.0.0.1	\N
51	2025-04-27 19:33:14.584387-04	LOGIN	Auth	\N	Inicio de sesión del usuario "admin"	127.0.0.1	\N
52	2025-04-27 19:45:44.995632-04	CREATE	Service	3	Service '123' creado	127.0.0.1	\N
53	2025-04-27 19:47:35.098733-04	DELETE	Service	2	Service 'asd' eliminado	127.0.0.1	\N
54	2025-04-27 19:47:54.159994-04	UPDATE	Service	3	Service 'qwe' actualizado. Cambios: name: 123 → qwe, description: 123 → csd, base_price: 123.00 → 321.00, standard_duration: 123 → 12	127.0.0.1	\N
55	2025-04-27 19:50:53.716153-04	DELETE	Location	1	Location 'asd' eliminado	127.0.0.1	\N
56	2025-04-28 23:59:48.141142-04	LOGIN	Auth	\N	Inicio de sesión del usuario "admin"	127.0.0.1	\N
57	2025-04-29 00:00:47.236325-04	CREATE	Location	2	Location 'asd' creado	127.0.0.1	\N
58	2025-04-29 00:01:38.030087-04	CREATE	Event	1	Event 'asd' creado	127.0.0.1	\N
59	2025-04-29 08:55:44.161269-04	LOGIN	Auth	\N	Inicio de sesión del usuario "admin"	127.0.0.1	\N
60	2025-04-29 20:11:06.275619-04	LOGIN	Auth	\N	Inicio de sesión del usuario "admin"	127.0.0.1	\N
61	2025-04-29 20:12:37.131752-04	CREATE	Event	2	Event 'asd' creado	127.0.0.1	\N
62	2025-04-29 20:12:44.954892-04	UPDATE	Event	1	Event 'asd' actualizado. Cambios: 	127.0.0.1	\N
63	2025-05-04 18:03:35.982995-04	LOGOUT	Auth	\N	Cierre de sesión del usuario "admin"	127.0.0.1	\N
64	2025-05-04 18:03:46.019977-04	LOGIN	Auth	\N	Inicio de sesión del usuario "admin"	127.0.0.1	\N
65	2025-05-04 18:10:53.860781-04	UPDATE	Company	1	Company 'SaonaSRL' actualizado. Cambios: name: Saona → SaonaSRL	127.0.0.1	\N
66	2025-05-04 18:36:52.647531-04	CREATE	User	15	Usuario 'admin.prueba' creado como administrador de compañía 'Prueba'	127.0.0.1	\N
67	2025-05-04 18:36:52.649185-04	CREATE	Company	4	Company 'Prueba' creado	127.0.0.1	\N
68	2025-05-04 18:38:59.979451-04	DELETE	User	10	Usuario 'cliente1233' eliminado	127.0.0.1	\N
69	2025-05-04 18:39:04.896347-04	DELETE	User	7	Usuario 'cliente11' eliminado	127.0.0.1	\N
70	2025-05-04 18:39:07.461934-04	DELETE	User	11	Usuario 'Cliente_nuevo' eliminado	127.0.0.1	\N
71	2025-05-04 18:39:09.828809-04	DELETE	User	1	Usuario 'admin' eliminado	127.0.0.1	\N
73	2025-05-04 18:42:16.748427-04	DELETE	User	3	Usuario 'clientechad' eliminado	127.0.0.1	1
75	2025-05-04 18:44:16.005558-04	LOGIN	Auth	\N	Inicio de sesión del usuario "admin.saona"	127.0.0.1	12
77	2025-05-04 18:51:32.52631-04	CREATE	User	16	Usuario 'pruebas' creado	127.0.0.1	12
79	2025-05-05 14:47:59.282822-04	LOGOUT	Auth	\N	Cierre de sesión del usuario "admin"	127.0.0.1	1
81	2025-05-05 17:44:23.462779-04	LOGIN	Auth	\N	Inicio de sesión del usuario "admin.saona"	127.0.0.1	12
83	2025-05-06 00:07:53.990052-04	LOGIN	Auth	\N	Inicio de sesión del usuario "admin"	127.0.0.1	1
85	2025-05-06 00:08:13.681636-04	LOGIN	Auth	\N	Inicio de sesión del usuario "admin.saona"	127.0.0.1	12
87	2025-05-06 00:54:00.780436-04	LOGIN	Auth	\N	Inicio de sesión del usuario "admin"	127.0.0.1	1
89	2025-05-06 01:08:00.941178-04	LOGOUT	Auth	\N	Cierre de sesión del usuario "admin"	127.0.0.1	1
91	2025-05-06 03:41:01.916602-04	LOGIN	Auth	\N	Inicio de sesión del usuario "admin"	127.0.0.1	1
93	2025-05-06 03:42:10.285455-04	LOGIN	Auth	\N	Inicio de sesión del usuario "admin.saona"	127.0.0.1	12
95	2025-05-06 04:07:43.735826-04	LOGIN	Auth	\N	Inicio de sesión del usuario "admin.saona"	127.0.0.1	12
97	2025-05-06 05:55:53.769943-04	LOGOUT	Auth	\N	Cierre de sesión del usuario "admin.saona"	127.0.0.1	12
99	2025-05-06 05:58:21.539994-04	CREATE	Location	3	Location 'qwe' creado	127.0.0.1	12
101	2025-05-06 05:59:18.470068-04	LOGIN	Auth	\N	Inicio de sesión del usuario "admin.saona"	127.0.0.1	12
\.


--
-- Data for Name: auditlog_logentry; Type: TABLE DATA; Schema: public; Owner: postgres
--

COPY public.auditlog_logentry (id, object_pk, object_id, object_repr, action, changes, "timestamp", actor_id, content_type_id, remote_addr, additional_data, serialized_data, cid, changes_text) FROM stdin;
1	1	1	admin	0	{"id": ["None", "1"], "email": ["None", "admin@admin.com"], "is_staff": ["None", "True"], "password": ["None", "pbkdf2_sha256$1000000$L4Bpf8MI5V5pXhFqHPvKkw$IzguVLy4D5REq6td46dE8TZKAk5hjFs/nJY4OwC4wA0="], "username": ["None", "admin"], "is_active": ["None", "True"], "last_name": ["None", ""], "user_type": ["None", "customer"], "first_name": ["None", ""], "date_joined": ["None", "2025-04-17 03:18:44.836801"], "is_superuser": ["None", "True"]}	2025-04-16 23:18:45.306995-04	\N	6	\N	\N	\N	\N	
2	1	1	admin	1	{"last_login": ["None", "2025-04-17 03:21:27.229360"]}	2025-04-16 23:21:27.237199-04	\N	6	\N	\N	\N	\N	
3	1	1	admin	1	{"address": ["None", ""], "user_type": ["customer", "admin"], "last_login": ["2025-04-17 03:21:27.229360", "2025-04-17 03:21:27"], "date_joined": ["2025-04-17 03:18:44.836801", "2025-04-17 03:18:44"]}	2025-04-16 23:21:40.882112-04	\N	6	\N	\N	\N	\N	
4	2	2	pla	0	{"id": ["None", "2"], "email": ["None", "pla@ma.com"], "phone": ["None", "123456"], "address": ["None", "la villa"], "is_staff": ["None", "False"], "password": ["None", "pbkdf2_sha256$1000000$V0cj3BQIVdC549wWSGAKB5$0GImBpLAnpJ4rJFiRV9Id3LWCQFPRbZqUy81Y0bn2v4="], "username": ["None", "pla"], "is_active": ["None", "True"], "last_name": ["None", "apellido"], "user_type": ["None", "customer"], "first_name": ["None", "nombre"], "date_joined": ["None", "2025-04-17 03:24:00.085953"], "is_superuser": ["None", "False"]}	2025-04-16 23:24:01.018896-04	\N	6	\N	\N	\N	\N	
5	3	3	cliente2	0	{"id": ["None", "3"], "email": ["None", "pla@ma.com"], "phone": ["None", "123456"], "address": ["None", "la villa"], "is_staff": ["None", "False"], "password": ["None", "pbkdf2_sha256$1000000$QYgVAR23fjEMT04R306daV$Cyfw4lV2kj762apEy2Zk1odh/owR8RcUVSC7fAHJwsU="], "username": ["None", "cliente2"], "is_active": ["None", "True"], "last_name": ["None", "apellido"], "user_type": ["None", "customer"], "first_name": ["None", "nombre"], "date_joined": ["None", "2025-04-17 03:25:20.325485"], "is_superuser": ["None", "False"]}	2025-04-16 23:25:21.206714-04	\N	6	\N	\N	\N	\N	
6	4	4	cliente3	0	{"id": ["None", "4"], "email": ["None", "pla@ma.com"], "phone": ["None", "123"], "address": ["None", "la villa"], "is_staff": ["None", "False"], "password": ["None", "pbkdf2_sha256$1000000$y9AqcubWBuUcVi4Rhp4XNe$rTPHbWOvMt4DBkju+JIBD/MFXEpI+GbOnQJBQ26rFsA="], "username": ["None", "cliente3"], "is_active": ["None", "True"], "last_name": ["None", "apellido"], "user_type": ["None", "customer"], "first_name": ["None", "nombre"], "date_joined": ["None", "2025-04-17 03:25:45.611112"], "is_superuser": ["None", "False"]}	2025-04-16 23:25:46.466717-04	\N	6	\N	\N	\N	\N	
7	5	5	cliente4	0	{"id": ["None", "5"], "email": ["None", "s@s.com"], "phone": ["None", "1234"], "address": ["None", "el palmar"], "is_staff": ["None", "False"], "password": ["None", "pbkdf2_sha256$1000000$btvpvvGEIzuyepEPbL01Gy$cuYpldAtYLJIP3QNI/5FthXvpBQPGvXnSUIyO3CzC9E="], "username": ["None", "cliente4"], "is_active": ["None", "True"], "last_name": ["None", "cliente4"], "user_type": ["None", "customer"], "first_name": ["None", "cliente4"], "date_joined": ["None", "2025-04-17 03:36:09.197349"], "is_superuser": ["None", "False"]}	2025-04-16 23:36:10.092724-04	\N	6	\N	\N	\N	\N	
8	6	6	cliente6	0	{"id": ["None", "6"], "email": ["None", "cli@cli.com"], "phone": ["None", "1234"], "address": ["None", "lala"], "is_staff": ["None", "False"], "password": ["None", "pbkdf2_sha256$1000000$LwwUlTk7siB4HsfMvKdblc$CUBnxWlqcODxgvGTAEq7nI9cNAhYGiDOLIr9bMa/zWk="], "username": ["None", "cliente6"], "is_active": ["None", "True"], "last_name": ["None", "cliente6"], "user_type": ["None", "customer"], "first_name": ["None", "cliente6"], "date_joined": ["None", "2025-04-17 03:44:29.030131"], "is_superuser": ["None", "False"]}	2025-04-16 23:44:29.940217-04	\N	6	\N	\N	\N	\N	
9	7	7	cliente11	0	{"id": ["None", "7"], "email": ["None", "cli@cli.com"], "phone": ["None", "123"], "address": ["None", "123"], "is_staff": ["None", "False"], "password": ["None", "pbkdf2_sha256$1000000$GK0sD3h0XELB2hHJKZ8vfz$iafVQM4e3NuGR9GYtfJuwqCYOwyLPYpTqD8U3/ZFFVI="], "username": ["None", "cliente11"], "is_active": ["None", "True"], "last_name": ["None", "cli"], "user_type": ["None", "customer"], "first_name": ["None", "cli"], "date_joined": ["None", "2025-04-17 03:53:28.523932"], "is_superuser": ["None", "False"]}	2025-04-16 23:53:29.490753-04	\N	6	\N	\N	\N	\N	
10	8	8	cliente1111	0	{"id": ["None", "8"], "email": ["None", "cli@s.com"], "phone": ["None", "1234"], "address": ["None", "asd"], "is_staff": ["None", "False"], "password": ["None", "pbkdf2_sha256$1000000$mJLk0m9PxafyWIYS5VwKV9$juguFb+on6sxT6J9LocKf9Zrf0+9YYCIWWNGsEaLFFE="], "username": ["None", "cliente1111"], "is_active": ["None", "True"], "last_name": ["None", "cli"], "user_type": ["None", "customer"], "first_name": ["None", "cli"], "date_joined": ["None", "2025-04-17 04:11:46.499722"], "is_superuser": ["None", "False"]}	2025-04-17 00:11:47.030989-04	\N	6	\N	\N	\N	\N	
11	9	9	cliente231	0	{"id": ["None", "9"], "email": ["None", "cli@cli.com"], "phone": ["None", "q"], "address": ["None", "q"], "is_staff": ["None", "False"], "password": ["None", "pbkdf2_sha256$1000000$UOrn74k671QTjhIj0NM6ek$u+qpDl4N1ZZCVTDJdakB7w4P1SJ8rvkMlmiA1IIw8k0="], "username": ["None", "cliente231"], "is_active": ["None", "True"], "last_name": ["None", "c"], "user_type": ["None", "customer"], "first_name": ["None", "c"], "date_joined": ["None", "2025-04-17 04:30:57.616817"], "is_superuser": ["None", "False"]}	2025-04-17 00:30:58.680342-04	\N	6	\N	\N	\N	\N	
12	10	10	cliente1233	0	{"id": ["None", "10"], "email": ["None", "u2@u.com"], "phone": ["None", "1"], "address": ["None", "123"], "is_staff": ["None", "False"], "password": ["None", "pbkdf2_sha256$1000000$CGllD8Ypde2hJK48zvcge9$cSOX8lxBdPvShjyvj4OGHgwfG5bUAI4POqpg6tUT3kA="], "username": ["None", "cliente1233"], "is_active": ["None", "True"], "last_name": ["None", "2"], "user_type": ["None", "customer"], "first_name": ["None", "2"], "date_joined": ["None", "2025-04-17 05:08:56.171818"], "is_superuser": ["None", "False"]}	2025-04-17 01:08:57.223434-04	\N	6	\N	\N	\N	\N	
13	3	3	clientzzzzz	1	{"username": ["cliente2", "clientzzzzz"]}	2025-04-17 01:13:40.825244-04	\N	6	\N	\N	\N	\N	
43	6	6	qwe	0	{"id": ["None", "6"], "name": ["None", "qwe"], "company": ["None", "1"], "provider": ["None", "qwe1"], "base_price": ["None", "123.00"], "created_at": ["None", "2025-05-06 09:57:03.029199"], "updated_at": ["None", "2025-05-06 09:57:03.029213"], "description": ["None", "qwe"], "unit_measure": ["None", "hour"], "standard_duration": ["None", "123"]}	2025-05-06 05:57:03.03945-04	\N	13	\N	\N	\N	\N	
14	11	11	Cliente_nuevo	0	{"id": ["None", "11"], "email": ["None", "new_cliente@gmail.com"], "phone": ["None", "777777"], "address": ["None", "La Lujan"], "is_staff": ["None", "False"], "password": ["None", "pbkdf2_sha256$1000000$0wP6CnqvGzvke3VvjXACu1$CWADrrXG4LSNY8JBAsxwo/1AcGaIM3Z3Dcs2jxeP8II="], "username": ["None", "Cliente_nuevo"], "is_active": ["None", "True"], "last_name": ["None", "Nuevo"], "user_type": ["None", "customer"], "first_name": ["None", "Cliente"], "date_joined": ["None", "2025-04-17 07:20:57.349326"], "is_superuser": ["None", "False"]}	2025-04-17 03:20:57.790646-04	\N	6	\N	\N	\N	\N	
15	2	2	pla	2	{"id": ["2", "None"], "email": ["pla@ma.com", "None"], "phone": ["123456", "None"], "address": ["la villa", "None"], "is_staff": ["False", "None"], "password": ["pbkdf2_sha256$1000000$V0cj3BQIVdC549wWSGAKB5$0GImBpLAnpJ4rJFiRV9Id3LWCQFPRbZqUy81Y0bn2v4=", "None"], "username": ["pla", "None"], "is_active": ["True", "None"], "last_name": ["apellido", "None"], "user_type": ["customer", "None"], "first_name": ["nombre", "None"], "date_joined": ["2025-04-17 03:24:00.085953", "None"], "is_superuser": ["False", "None"]}	2025-04-17 03:21:28.501455-04	\N	6	\N	\N	\N	\N	
16	4	4	cliente3	2	{"id": ["4", "None"], "email": ["pla@ma.com", "None"], "phone": ["123", "None"], "address": ["la villa", "None"], "is_staff": ["False", "None"], "password": ["pbkdf2_sha256$1000000$y9AqcubWBuUcVi4Rhp4XNe$rTPHbWOvMt4DBkju+JIBD/MFXEpI+GbOnQJBQ26rFsA=", "None"], "username": ["cliente3", "None"], "is_active": ["True", "None"], "last_name": ["apellido", "None"], "user_type": ["customer", "None"], "first_name": ["nombre", "None"], "date_joined": ["2025-04-17 03:25:45.611112", "None"], "is_superuser": ["False", "None"]}	2025-04-17 03:21:30.513417-04	\N	6	\N	\N	\N	\N	
17	5	5	cliente4	2	{"id": ["5", "None"], "email": ["s@s.com", "None"], "phone": ["1234", "None"], "address": ["el palmar", "None"], "is_staff": ["False", "None"], "password": ["pbkdf2_sha256$1000000$btvpvvGEIzuyepEPbL01Gy$cuYpldAtYLJIP3QNI/5FthXvpBQPGvXnSUIyO3CzC9E=", "None"], "username": ["cliente4", "None"], "is_active": ["True", "None"], "last_name": ["cliente4", "None"], "user_type": ["customer", "None"], "first_name": ["cliente4", "None"], "date_joined": ["2025-04-17 03:36:09.197349", "None"], "is_superuser": ["False", "None"]}	2025-04-17 03:21:33.573705-04	\N	6	\N	\N	\N	\N	
18	8	8	cliente1111	2	{"id": ["8", "None"], "email": ["cli@s.com", "None"], "phone": ["1234", "None"], "address": ["asd", "None"], "is_staff": ["False", "None"], "password": ["pbkdf2_sha256$1000000$mJLk0m9PxafyWIYS5VwKV9$juguFb+on6sxT6J9LocKf9Zrf0+9YYCIWWNGsEaLFFE=", "None"], "username": ["cliente1111", "None"], "is_active": ["True", "None"], "last_name": ["cli", "None"], "user_type": ["customer", "None"], "first_name": ["cli", "None"], "date_joined": ["2025-04-17 04:11:46.499722", "None"], "is_superuser": ["False", "None"]}	2025-04-17 03:21:38.731703-04	\N	6	\N	\N	\N	\N	
19	6	6	cliente6	2	{"id": ["6", "None"], "email": ["cli@cli.com", "None"], "phone": ["1234", "None"], "address": ["lala", "None"], "is_staff": ["False", "None"], "password": ["pbkdf2_sha256$1000000$LwwUlTk7siB4HsfMvKdblc$CUBnxWlqcODxgvGTAEq7nI9cNAhYGiDOLIr9bMa/zWk=", "None"], "username": ["cliente6", "None"], "is_active": ["True", "None"], "last_name": ["cliente6", "None"], "user_type": ["customer", "None"], "first_name": ["cliente6", "None"], "date_joined": ["2025-04-17 03:44:29.030131", "None"], "is_superuser": ["False", "None"]}	2025-04-17 03:21:45.308776-04	\N	6	\N	\N	\N	\N	
20	9	9	cliente231	2	{"id": ["9", "None"], "email": ["cli@cli.com", "None"], "phone": ["q", "None"], "address": ["q", "None"], "is_staff": ["False", "None"], "password": ["pbkdf2_sha256$1000000$UOrn74k671QTjhIj0NM6ek$u+qpDl4N1ZZCVTDJdakB7w4P1SJ8rvkMlmiA1IIw8k0=", "None"], "username": ["cliente231", "None"], "is_active": ["True", "None"], "last_name": ["c", "None"], "user_type": ["customer", "None"], "first_name": ["c", "None"], "date_joined": ["2025-04-17 04:30:57.616817", "None"], "is_superuser": ["False", "None"]}	2025-04-17 03:21:47.197524-04	\N	6	\N	\N	\N	\N	
21	11	11	Cliente_nuevo	1	{"user_type": ["customer", "staff"]}	2025-04-17 03:22:56.408311-04	\N	6	\N	\N	\N	\N	
22	1	1	admin	1	{"last_login": ["2025-04-17 03:21:27", "2025-04-17 11:38:47.753411"]}	2025-04-17 07:38:47.760552-04	\N	6	\N	\N	\N	\N	
23	3	3	clientechad	1	{"email": ["pla@ma.com", "plass@ma.com"], "phone": ["123456", "1234567"], "username": ["clientzzzzz", "clientechad"], "last_name": ["apellido", "apellidos"], "first_name": ["nombre", "nombres"]}	2025-04-26 22:16:49.184747-04	\N	6	\N	\N	\N	\N	
24	1	1	admin	1	{"last_login": ["2025-04-17 11:38:47.753411", "2025-04-27 04:47:39.529615"]}	2025-04-27 00:47:39.533605-04	\N	6	\N	\N	\N	\N	
25	1	1	123	0	{"id": ["None", "1"], "name": ["None", "123"], "provider": ["None", "123"], "base_price": ["None", "123.00"], "created_at": ["None", "2025-04-27 23:31:50.136562"], "updated_at": ["None", "2025-04-27 23:31:50.136588"], "description": ["None", "123"], "unit_measure": ["None", "hour"], "standard_duration": ["None", "123"]}	2025-04-27 19:31:50.148392-04	\N	13	\N	\N	\N	\N	
26	2	2	asd	0	{"id": ["None", "2"], "name": ["None", "asd"], "provider": ["None", "asd"], "base_price": ["None", "123.00"], "created_at": ["None", "2025-04-27 23:33:25.554310"], "updated_at": ["None", "2025-04-27 23:33:25.554334"], "description": ["None", "asd"], "unit_measure": ["None", "event"], "standard_duration": ["None", "123"]}	2025-04-27 19:33:25.561533-04	\N	13	\N	\N	\N	\N	
27	3	3	123	0	{"id": ["None", "3"], "name": ["None", "123"], "provider": ["None", "123"], "base_price": ["None", "123.00"], "created_at": ["None", "2025-04-27 23:45:44.985048"], "updated_at": ["None", "2025-04-27 23:45:44.985062"], "description": ["None", "123"], "unit_measure": ["None", "event"], "standard_duration": ["None", "123"]}	2025-04-27 19:45:44.992915-04	\N	13	\N	\N	\N	\N	
28	2	2	asd	2	{"id": ["2", "None"], "name": ["asd", "None"], "provider": ["asd", "None"], "base_price": ["123.00", "None"], "created_at": ["2025-04-27 23:33:25.554310", "None"], "updated_at": ["2025-04-27 23:33:25.554334", "None"], "description": ["asd", "None"], "unit_measure": ["event", "None"], "standard_duration": ["123", "None"]}	2025-04-27 19:47:35.103001-04	\N	13	\N	\N	\N	\N	
29	3	3	qwe	1	{"name": ["123", "qwe"], "base_price": ["123.00", "321.00"], "description": ["123", "csd"], "standard_duration": ["123", "12"]}	2025-04-27 19:47:54.151968-04	\N	13	\N	\N	\N	\N	
30	12	12	admin.saona	0	{"id": ["None", "12"], "email": ["None", "saona@admin.com"], "company": ["None", "1"], "is_staff": ["None", "False"], "password": ["None", "pbkdf2_sha256$1000000$ONrhe8ujwcU8WWbMHdxUHy$w/4Vv720WQSPUWOGX0/s7v8U1T3kekUXO+3gvgmFZ3o="], "username": ["None", "admin.saona"], "is_active": ["None", "True"], "last_name": ["None", ""], "user_type": ["None", "admin"], "first_name": ["None", ""], "date_joined": ["None", "2025-05-04 22:06:57.338223"], "is_superuser": ["None", "False"]}	2025-05-04 18:06:57.854655-04	\N	6	\N	\N	\N	\N	
31	13	13	admin.arboliana	0	{"id": ["None", "13"], "email": ["None", "arboliana@admin.com"], "company": ["None", "2"], "is_staff": ["None", "False"], "password": ["None", "pbkdf2_sha256$1000000$DoShJZx18uxFWALaNpqVRL$vkGFCy/9lR0E6N2fe7ulp5i6zezhsP47cT4D+KfMUNw="], "username": ["None", "admin.arboliana"], "is_active": ["None", "True"], "last_name": ["None", ""], "user_type": ["None", "admin"], "first_name": ["None", ""], "date_joined": ["None", "2025-05-04 22:11:53.287966"], "is_superuser": ["None", "False"]}	2025-05-04 18:11:53.810673-04	\N	6	\N	\N	\N	\N	
32	14	14	admin.prueba	0	{"id": ["None", "14"], "email": ["None", "prueba@gmail.com"], "company": ["None", "3"], "is_staff": ["None", "False"], "password": ["None", "pbkdf2_sha256$1000000$rLhHTGyooa7ZMg6FD0itcL$L8E4NR6xQTQUwVvnay3u2L05d1IDZUvXksC6ElFEPKQ="], "username": ["None", "admin.prueba"], "is_active": ["None", "True"], "last_name": ["None", ""], "user_type": ["None", "admin"], "first_name": ["None", ""], "date_joined": ["None", "2025-05-04 22:16:25.658656"], "is_superuser": ["None", "False"]}	2025-05-04 18:16:26.17799-04	\N	6	\N	\N	\N	\N	
33	15	15	admin.prueba	0	{"id": ["None", "15"], "email": ["None", "prueba@gmail.com"], "company": ["None", "4"], "is_staff": ["None", "False"], "password": ["None", "pbkdf2_sha256$1000000$S076ueHvZ9vZp0WG3hHWQV$LKpm+B2gsf1GKNhnKyMCJD/NPAk0sLN113fBQP/2uyM="], "username": ["None", "admin.prueba"], "is_active": ["None", "True"], "last_name": ["None", ""], "user_type": ["None", "admin"], "first_name": ["None", ""], "date_joined": ["None", "2025-05-04 22:36:52.162890"], "is_superuser": ["None", "False"]}	2025-05-04 18:36:52.64501-04	\N	6	\N	\N	\N	\N	
34	10	10	cliente1233	2	{"id": ["10", "None"], "email": ["u2@u.com", "None"], "phone": ["1", "None"], "address": ["123", "None"], "is_staff": ["False", "None"], "password": ["pbkdf2_sha256$1000000$CGllD8Ypde2hJK48zvcge9$cSOX8lxBdPvShjyvj4OGHgwfG5bUAI4POqpg6tUT3kA=", "None"], "username": ["cliente1233", "None"], "is_active": ["True", "None"], "last_name": ["2", "None"], "user_type": ["customer", "None"], "first_name": ["2", "None"], "date_joined": ["2025-04-17 05:08:56.171818", "None"], "is_superuser": ["False", "None"]}	2025-05-04 18:39:00.000796-04	\N	6	\N	\N	\N	\N	
35	7	7	cliente11	2	{"id": ["7", "None"], "email": ["cli@cli.com", "None"], "phone": ["123", "None"], "address": ["123", "None"], "is_staff": ["False", "None"], "password": ["pbkdf2_sha256$1000000$GK0sD3h0XELB2hHJKZ8vfz$iafVQM4e3NuGR9GYtfJuwqCYOwyLPYpTqD8U3/ZFFVI=", "None"], "username": ["cliente11", "None"], "is_active": ["True", "None"], "last_name": ["cli", "None"], "user_type": ["customer", "None"], "first_name": ["cli", "None"], "date_joined": ["2025-04-17 03:53:28.523932", "None"], "is_superuser": ["False", "None"]}	2025-05-04 18:39:04.914342-04	\N	6	\N	\N	\N	\N	
36	11	11	Cliente_nuevo	2	{"id": ["11", "None"], "email": ["new_cliente@gmail.com", "None"], "phone": ["777777", "None"], "address": ["La Lujan", "None"], "is_staff": ["False", "None"], "password": ["pbkdf2_sha256$1000000$0wP6CnqvGzvke3VvjXACu1$CWADrrXG4LSNY8JBAsxwo/1AcGaIM3Z3Dcs2jxeP8II=", "None"], "username": ["Cliente_nuevo", "None"], "is_active": ["True", "None"], "last_name": ["Nuevo", "None"], "user_type": ["staff", "None"], "first_name": ["Cliente", "None"], "date_joined": ["2025-04-17 07:20:57.349326", "None"], "is_superuser": ["False", "None"]}	2025-05-04 18:39:07.473531-04	\N	6	\N	\N	\N	\N	
37	1	1	admin	2	{"id": ["1", "None"], "email": ["admin@admin.com", "None"], "address": ["", "None"], "is_staff": ["True", "None"], "password": ["pbkdf2_sha256$1000000$L4Bpf8MI5V5pXhFqHPvKkw$IzguVLy4D5REq6td46dE8TZKAk5hjFs/nJY4OwC4wA0=", "None"], "username": ["admin", "None"], "is_active": ["True", "None"], "last_name": ["", "None"], "user_type": ["superadmin", "None"], "first_name": ["", "None"], "last_login": ["2025-04-27 04:47:39.529615", "None"], "date_joined": ["2025-04-17 03:18:44", "None"], "is_superuser": ["True", "None"]}	2025-05-04 18:39:09.848207-04	\N	6	\N	\N	\N	\N	
38	3	3	clientechad	2	{"id": ["3", "None"], "email": ["plass@ma.com", "None"], "phone": ["1234567", "None"], "address": ["la villa", "None"], "is_staff": ["False", "None"], "password": ["pbkdf2_sha256$1000000$L4Bpf8MI5V5pXhFqHPvKkw$IzguVLy4D5REq6td46dE8TZKAk5hjFs/nJY4OwC4wA0=", "None"], "username": ["clientechad", "None"], "is_active": ["True", "None"], "last_name": ["apellidos", "None"], "user_type": ["customer", "None"], "first_name": ["nombres", "None"], "date_joined": ["2025-04-17 03:25:20.325485", "None"], "is_superuser": ["False", "None"]}	2025-05-04 18:42:16.764045-04	\N	6	\N	\N	\N	\N	
39	4	4	asd	0	{"id": ["None", "4"], "name": ["None", "asd"], "company": ["None", "1"], "provider": ["None", "123"], "base_price": ["None", "123.00"], "created_at": ["None", "2025-05-04 22:47:29.357949"], "updated_at": ["None", "2025-05-04 22:47:29.357964"], "description": ["None", "asd"], "unit_measure": ["None", "hour"], "standard_duration": ["None", "120"]}	2025-05-04 18:47:29.36478-04	\N	13	\N	\N	\N	\N	
40	4	4	asd	2	{"id": ["4", "None"], "name": ["asd", "None"], "company": ["1", "None"], "provider": ["123", "None"], "base_price": ["123.00", "None"], "created_at": ["2025-05-04 22:47:29.357949", "None"], "updated_at": ["2025-05-04 22:47:29.357964", "None"], "description": ["asd", "None"], "unit_measure": ["hour", "None"], "standard_duration": ["120", "None"]}	2025-05-04 18:49:06.794455-04	\N	13	\N	\N	\N	\N	
41	16	16	pruebas	0	{"id": ["None", "16"], "email": ["None", "pruebas@gmail.com"], "phone": ["None", "123"], "address": ["None", "123"], "company": ["None", "1"], "is_staff": ["None", "False"], "password": ["None", "pbkdf2_sha256$1000000$gYXzr5DrPgwm2hGOOGDdsV$Q9lgymS81eDtN5/9fFP3++LRISKCmeN7HQEmWWKquWs="], "username": ["None", "pruebas"], "is_active": ["None", "True"], "last_name": ["None", "pruebass"], "user_type": ["None", "staff"], "first_name": ["None", "pruebas"], "date_joined": ["None", "2025-05-04 22:51:31.960782"], "is_superuser": ["None", "False"]}	2025-05-04 18:51:32.523857-04	\N	6	\N	\N	\N	\N	
42	1	1	admin	1	{"last_login": ["None", "2025-05-06 03:51:58.972146"]}	2025-05-05 23:51:58.982821-04	\N	6	\N	\N	\N	\N	
44	7	7	Servicio de Catering	0	{"id": ["None", "7"], "name": ["None", "Servicio de Catering"], "company": ["None", "1"], "provider": ["None", "Pollo Kikys"], "base_price": ["None", "30.00"], "created_at": ["None", "2025-05-19 18:29:24.205914"], "updated_at": ["None", "2025-05-19 18:29:24.205943"], "description": ["None", "Servicios de Comida"], "unit_measure": ["None", "person"]}	2025-05-19 14:29:24.221511-04	\N	13	\N	\N	\N	\N	
45	7	7	Servicio de Catering	1	{"provider": ["Pollo Kikys", "Kikys"]}	2025-05-19 14:29:36.233538-04	\N	13	\N	\N	\N	\N	
46	8	8	Servicio de Musica Quinceaños	0	{"id": ["None", "8"], "name": ["None", "Servicio de Musica Quinceaños"], "company": ["None", "1"], "provider": ["None", "Mariachis"], "base_price": ["None", "200.00"], "created_at": ["None", "2025-05-19 23:19:35.136899"], "updated_at": ["None", "2025-05-19 23:19:35.136917"], "description": ["None", "Musica en vivo para una fiesta de quinceaños"], "unit_measure": ["None", "hour"]}	2025-05-19 19:19:35.141049-04	\N	13	\N	\N	\N	\N	
47	9	9	Planificación y coordinación de eventos	0	{"id": ["None", "9"], "name": ["None", "Planificación y coordinación de eventos"], "company": ["None", "1"], "provider": ["None", "Dueño"], "base_price": ["None", "100.00"], "created_at": ["None", "2025-05-19 23:24:18.435626"], "updated_at": ["None", "2025-05-19 23:24:18.435638"], "description": ["None", "Servicio integral que abarca la organización del evento de principio a fin, incluyendo cronograma, logística, coordinación de proveedores y supervisión el día del evento."], "unit_measure": ["None", "event"]}	2025-05-19 19:24:18.43993-04	\N	13	\N	\N	\N	\N	
48	10	10	Animación y entretenimiento	0	{"id": ["None", "10"], "name": ["None", "Animación y entretenimiento"], "company": ["None", "1"], "provider": ["None", "Proveedorx"], "base_price": ["None", "150.00"], "created_at": ["None", "2025-05-19 23:27:13.389128"], "updated_at": ["None", "2025-05-19 23:27:13.389148"], "description": ["None", "Contratación de animadores, presentadores, DJs, bandas musicales, artistas, bailarines, shows temáticos, comediantes, etc."], "unit_measure": ["None", "event"]}	2025-05-19 19:27:13.395116-04	\N	13	\N	\N	\N	\N	
49	11	11	Decoración y ambientación	0	{"id": ["None", "11"], "name": ["None", "Decoración y ambientación"], "company": ["None", "1"], "provider": ["None", "Proveedor X"], "base_price": ["None", "100.00"], "created_at": ["None", "2025-05-19 23:27:38.605745"], "updated_at": ["None", "2025-05-19 23:27:38.605764"], "description": ["None", "Diseño y montaje de decoraciones temáticas o personalizadas: centros de mesa, backdrops, flores, globos, iluminación ambiental, etc."], "unit_measure": ["None", "event"]}	2025-05-19 19:27:38.610106-04	\N	13	\N	\N	\N	\N	
50	12	12	Fotografía y video	0	{"id": ["None", "12"], "name": ["None", "Fotografía y video"], "company": ["None", "1"], "provider": ["None", "Proveedor X"], "base_price": ["None", "50.00"], "created_at": ["None", "2025-05-19 23:28:20.027969"], "updated_at": ["None", "2025-05-19 23:28:20.027991"], "description": ["None", "Cobertura visual profesional del evento con cámaras, drones, edición y entrega digital o impresa."], "unit_measure": ["None", "unit"]}	2025-05-19 19:28:20.030395-04	\N	13	\N	\N	\N	\N	
51	6	6	qwe	2	{"id": ["6", "None"], "name": ["qwe", "None"], "company": ["1", "None"], "provider": ["qwe1", "None"], "base_price": ["123.00", "None"], "created_at": ["2025-05-06 09:57:03.029199", "None"], "updated_at": ["2025-05-06 09:57:03.029213", "None"], "description": ["qwe", "None"], "unit_measure": ["hour", "None"], "standard_duration": ["123", "None"]}	2025-05-19 19:28:24.522467-04	\N	13	\N	\N	\N	\N	
\.


--
-- Data for Name: auth_group; Type: TABLE DATA; Schema: public; Owner: postgres
--

COPY public.auth_group (id, name) FROM stdin;
1	Cliente
2	Administrador
\.


--
-- Data for Name: auth_group_permissions; Type: TABLE DATA; Schema: public; Owner: postgres
--

COPY public.auth_group_permissions (id, group_id, permission_id) FROM stdin;
1	2	1
2	2	2
3	2	3
4	2	4
5	2	5
6	2	6
7	2	7
8	2	8
9	2	9
10	2	10
11	2	11
12	2	12
13	2	13
14	2	14
15	2	15
16	2	16
17	2	17
18	2	18
19	2	19
20	2	20
21	2	21
22	2	22
23	2	23
24	2	24
25	2	25
26	2	26
27	2	27
28	2	28
29	2	29
30	2	30
31	2	31
32	2	32
33	2	33
34	2	34
35	2	35
36	2	36
37	2	37
38	2	38
39	2	39
40	2	40
41	2	41
42	2	42
43	2	43
44	2	44
45	2	45
46	2	46
47	2	47
48	2	48
\.


--
-- Data for Name: auth_permission; Type: TABLE DATA; Schema: public; Owner: postgres
--

COPY public.auth_permission (id, name, content_type_id, codename) FROM stdin;
1	Can add log entry	1	add_logentry
2	Can change log entry	1	change_logentry
3	Can delete log entry	1	delete_logentry
4	Can view log entry	1	view_logentry
5	Can add permission	2	add_permission
6	Can change permission	2	change_permission
7	Can delete permission	2	delete_permission
8	Can view permission	2	view_permission
9	Can add group	3	add_group
10	Can change group	3	change_group
11	Can delete group	3	delete_group
12	Can view group	3	view_group
13	Can add content type	4	add_contenttype
14	Can change content type	4	change_contenttype
15	Can delete content type	4	delete_contenttype
16	Can view content type	4	view_contenttype
17	Can add session	5	add_session
18	Can change session	5	change_session
19	Can delete session	5	delete_session
20	Can view session	5	view_session
21	Can add user	6	add_user
22	Can change user	6	change_user
23	Can delete user	6	delete_user
24	Can view user	6	view_user
25	Can add category	7	add_category
26	Can change category	7	change_category
27	Can delete category	7	delete_category
28	Can view category	7	view_category
29	Can add product	8	add_product
30	Can change product	8	change_product
31	Can delete product	8	delete_product
32	Can view product	8	view_product
33	Can add cart	9	add_cart
34	Can change cart	9	change_cart
35	Can delete cart	9	delete_cart
36	Can view cart	9	view_cart
37	Can add cart item	10	add_cartitem
38	Can change cart item	10	change_cartitem
39	Can delete cart item	10	delete_cartitem
40	Can view cart item	10	view_cartitem
41	Can add log entry	11	add_logentry
42	Can change log entry	11	change_logentry
43	Can delete log entry	11	delete_logentry
44	Can view log entry	11	view_logentry
45	Can add audit log	12	add_auditlog
46	Can change audit log	12	change_auditlog
47	Can delete audit log	12	delete_auditlog
48	Can view audit log	12	view_auditlog
49	Can add service	13	add_service
50	Can change service	13	change_service
51	Can delete service	13	delete_service
52	Can view service	13	view_service
53	Can add Locación	14	add_location
54	Can change Locación	14	change_location
55	Can delete Locación	14	delete_location
56	Can view Locación	14	view_location
57	Can add event	15	add_event
58	Can change event	15	change_event
59	Can delete event	15	delete_event
60	Can view event	15	view_event
61	Can add company	16	add_company
62	Can change company	16	change_company
63	Can delete company	16	delete_company
64	Can view company	16	view_company
65	Can add subscription	17	add_subscription
66	Can change subscription	17	change_subscription
67	Can delete subscription	17	delete_subscription
68	Can view subscription	17	view_subscription
69	Can add backup	18	add_backup
70	Can change backup	18	change_backup
71	Can delete backup	18	delete_backup
72	Can view backup	18	view_backup
73	Can add package	19	add_package
74	Can change package	19	change_package
75	Can delete package	19	delete_package
76	Can view package	19	view_package
\.


--
-- Data for Name: auth_user; Type: TABLE DATA; Schema: public; Owner: postgres
--

COPY public.auth_user (id, password, last_login, is_superuser, username, first_name, last_name, email, is_staff, is_active, date_joined, user_type, phone, address, company_id) FROM stdin;
12	pbkdf2_sha256$1000000$ONrhe8ujwcU8WWbMHdxUHy$w/4Vv720WQSPUWOGX0/s7v8U1T3kekUXO+3gvgmFZ3o=	\N	f	admin.saona			saona@admin.com	f	t	2025-05-04 18:06:57.338223-04	admin	\N	\N	1
13	pbkdf2_sha256$1000000$DoShJZx18uxFWALaNpqVRL$vkGFCy/9lR0E6N2fe7ulp5i6zezhsP47cT4D+KfMUNw=	\N	f	admin.arboliana			arboliana@admin.com	f	t	2025-05-04 18:11:53.287966-04	admin	\N	\N	2
15	pbkdf2_sha256$1000000$S076ueHvZ9vZp0WG3hHWQV$LKpm+B2gsf1GKNhnKyMCJD/NPAk0sLN113fBQP/2uyM=	\N	f	admin.prueba			prueba@gmail.com	f	t	2025-05-04 18:36:52.16289-04	admin	\N	\N	4
16	pbkdf2_sha256$1000000$gYXzr5DrPgwm2hGOOGDdsV$Q9lgymS81eDtN5/9fFP3++LRISKCmeN7HQEmWWKquWs=	\N	f	pruebas	pruebas	pruebass	pruebas@gmail.com	f	t	2025-05-04 18:51:31.960782-04	staff	123	123	1
1	pbkdf2_sha256$1000000$S076ueHvZ9vZp0WG3hHWQV$LKpm+B2gsf1GKNhnKyMCJD/NPAk0sLN113fBQP/2uyM=	2025-05-05 23:51:58.972146-04	t	admin	ad	mn	admin@admin.com	t	t	2025-05-04 18:36:52.16289-04	superadmin	\N	\N	\N
\.


--
-- Data for Name: auth_user_groups; Type: TABLE DATA; Schema: public; Owner: postgres
--

COPY public.auth_user_groups (id, user_id, group_id) FROM stdin;
\.


--
-- Data for Name: auth_user_user_permissions; Type: TABLE DATA; Schema: public; Owner: postgres
--

COPY public.auth_user_user_permissions (id, user_id, permission_id) FROM stdin;
\.


--
-- Data for Name: backup_backup; Type: TABLE DATA; Schema: public; Owner: postgres
--

COPY public.backup_backup (id, file_name, backup_type, created_at, updated_at) FROM stdin;
\.


--
-- Data for Name: companies_company; Type: TABLE DATA; Schema: public; Owner: postgres
--

COPY public.companies_company (id, name, description, website, logo_url, is_active, created_at) FROM stdin;
1	SaonaSRL	Saona Club House salon de eventos Santa Cruz			t	2025-05-04 18:06:57.33502-04
2	ARBOLIANA	ARBOLIANA EVENTOS			t	2025-05-04 18:11:53.283826-04
4	Prueba	pruebas	sss	sss	t	2025-05-04 18:36:52.158818-04
\.


--
-- Data for Name: django_admin_log; Type: TABLE DATA; Schema: public; Owner: postgres
--

COPY public.django_admin_log (id, action_time, object_id, object_repr, action_flag, change_message, content_type_id, user_id) FROM stdin;
\.


--
-- Data for Name: django_content_type; Type: TABLE DATA; Schema: public; Owner: postgres
--

COPY public.django_content_type (id, app_label, model) FROM stdin;
1	admin	logentry
2	auth	permission
3	auth	group
4	contenttypes	contenttype
5	sessions	session
6	users	user
7	products	category
8	products	product
9	cart	cart
10	cart	cartitem
11	auditlog	logentry
12	audit	auditlog
13	services	service
14	locations	location
15	events	event
16	companies	company
17	subscriptions	subscription
18	backup	backup
19	packages	package
\.


--
-- Data for Name: django_migrations; Type: TABLE DATA; Schema: public; Owner: postgres
--

COPY public.django_migrations (id, app, name, applied) FROM stdin;
1	contenttypes	0001_initial	2025-04-16 23:17:52.080286-04
2	contenttypes	0002_remove_content_type_name	2025-04-16 23:17:52.091472-04
3	auth	0001_initial	2025-04-16 23:17:52.13391-04
4	auth	0002_alter_permission_name_max_length	2025-04-16 23:17:52.143643-04
5	auth	0003_alter_user_email_max_length	2025-04-16 23:17:52.147231-04
6	auth	0004_alter_user_username_opts	2025-04-16 23:17:52.151208-04
7	auth	0005_alter_user_last_login_null	2025-04-16 23:17:52.155017-04
8	auth	0006_require_contenttypes_0002	2025-04-16 23:17:52.156105-04
9	auth	0007_alter_validators_add_error_messages	2025-04-16 23:17:52.162931-04
10	auth	0008_alter_user_username_max_length	2025-04-16 23:17:52.170715-04
11	auth	0009_alter_user_last_name_max_length	2025-04-16 23:17:52.176745-04
12	auth	0010_alter_group_name_max_length	2025-04-16 23:17:52.185544-04
13	auth	0011_update_proxy_permissions	2025-04-16 23:17:52.19184-04
14	auth	0012_alter_user_first_name_max_length	2025-04-16 23:17:52.196191-04
15	users	0001_initial	2025-04-16 23:17:52.224815-04
16	admin	0001_initial	2025-04-16 23:17:52.242916-04
17	admin	0002_logentry_remove_auto_add	2025-04-16 23:17:52.248533-04
18	admin	0003_logentry_add_action_flag_choices	2025-04-16 23:17:52.254772-04
19	auditlog	0001_initial	2025-04-16 23:17:52.270878-04
20	auditlog	0002_auto_support_long_primary_keys	2025-04-16 23:17:52.293651-04
21	auditlog	0003_logentry_remote_addr	2025-04-16 23:17:52.304513-04
22	auditlog	0004_logentry_detailed_object_repr	2025-04-16 23:17:52.311333-04
23	auditlog	0005_logentry_additional_data_verbose_name	2025-04-16 23:17:52.31823-04
24	auditlog	0006_object_pk_index	2025-04-16 23:17:52.333312-04
25	auditlog	0007_object_pk_type	2025-04-16 23:17:52.344214-04
26	auditlog	0008_action_index	2025-04-16 23:17:52.356236-04
27	auditlog	0009_alter_logentry_additional_data	2025-04-16 23:17:52.363332-04
28	auditlog	0010_alter_logentry_timestamp	2025-04-16 23:17:52.372447-04
29	auditlog	0011_logentry_serialized_data	2025-04-16 23:17:52.379596-04
30	auditlog	0012_add_logentry_action_access	2025-04-16 23:17:52.387787-04
31	auditlog	0013_alter_logentry_timestamp	2025-04-16 23:17:52.395254-04
32	auditlog	0014_logentry_cid	2025-04-16 23:17:52.404553-04
33	auditlog	0015_alter_logentry_changes	2025-04-16 23:17:52.429103-04
34	products	0001_initial	2025-04-16 23:17:52.457102-04
35	cart	0001_initial	2025-04-16 23:17:52.487437-04
36	products	0002_alter_product_image_url	2025-04-16 23:17:52.493054-04
37	sessions	0001_initial	2025-04-16 23:17:52.500397-04
38	audit	0001_initial	2025-04-17 00:11:00.878538-04
39	audit	0002_auditlog_content_type_alter_auditlog_object_id	2025-04-17 01:06:06.112151-04
40	audit	0003_remove_auditlog_content_type_and_more	2025-04-17 01:10:59.76649-04
41	admin	0004_alter_logentry_options	2025-04-27 18:01:02.595181-04
42	services	0001_initial	2025-04-27 18:01:02.618864-04
43	locations	0001_initial	2025-04-27 19:20:54.01594-04
44	events	0001_initial	2025-04-28 23:26:21.622648-04
45	companies	0001_initial	2025-05-04 17:01:09.42725-04
46	companies	0002_alter_company_logo_url_alter_company_website	2025-05-04 17:01:09.434874-04
47	events	0002_event_company	2025-05-04 17:07:45.22294-04
48	locations	0002_location_company	2025-05-04 17:12:10.726563-04
49	services	0002_service_company	2025-05-04 17:12:10.738131-04
50	users	0002_user_company_alter_user_user_type	2025-05-04 17:12:10.761901-04
51	subscriptions	0001_initial	2025-05-04 21:30:27.095211-04
52	backup	0001_initial	2025-05-06 03:43:25.238775-04
53	subscriptions	0002_alter_subscription_options_and_more	2025-05-06 03:43:25.273359-04
54	packages	0001_initial	2025-05-19 13:34:22.579541-04
55	packages	0002_remove_package_created_at_remove_package_updated_at	2025-05-19 13:37:25.919776-04
\.


--
-- Data for Name: django_session; Type: TABLE DATA; Schema: public; Owner: postgres
--

COPY public.django_session (session_key, session_data, expire_date) FROM stdin;
y8ejmznoobopousxfn3tcyrjopq5mhvn	.eJxVjDsOwjAQBe_iGlnr764o6TmD5c8GB5AjxUkVcXcSKQW0b2beJkJclxrWznMYi7gKJS6_W4r5xe0A5RnbY5J5ass8Jnko8qRd3qfC79vp_h3U2OteQzTWJjLak_cKgGwxg0M1IKJLJQIwJ9ZIyiAaYmZFDjDvYs5We_H5ArBtNrQ:1u5Fod:aGcby8lU3tpYU30zR-iZryNgm4jbOcEaJMx7fCQGw24	2025-04-30 23:21:27.242477-04
e341m07wzfjdrb38uq35hw871qtwm19m	.eJxVjDsOwjAQBe_iGlnr764o6TmD5c8GB5AjxUkVcXcSKQW0b2beJkJclxrWznMYi7gKJS6_W4r5xe0A5RnbY5J5ass8Jnko8qRd3qfC79vp_h3U2OteQzTWJjLak_cKgGwxg0M1IKJLJQIwJ9ZIyiAaYmZFDjDvYs5We_H5ArBtNrQ:1u5NZv:FuiFj-NphsjC33yTs7JggZMh4pBdGmjDsYZjrRaT4v0	2025-05-01 07:38:47.77484-04
c0tg7h2l3nsdehaf9d39r9y6oyfeblrw	.eJxVjMsOwiAUBf-FtSFQuQVcuvcbyH2AVE2blHZl_HfbpAvdnpk5b5VwXWpaW57TIOqirDr9boT8zOMO5IHjfdI8jcs8kN4VfdCmb5Pk1_Vw_w4qtrrVZEkcSAAyvZdIJRv0PZKJZ9dRCRBQ2FF0njtgYgveBoayWd4AZPX5Avl2OC8:1uC9Lb:TdTUcfgnNdzGkHxHLW2u5OHRKaU07EfKFqtayV_8Ip8	2025-05-19 23:51:59.004858-04
\.


--
-- Data for Name: events_event; Type: TABLE DATA; Schema: public; Owner: postgres
--

COPY public.events_event (id, name, description, start_date, end_date, status, image, created_at, updated_at, location_id, company_id) FROM stdin;
3	qwe	qwe	2025-05-25 01:59:00-04	2025-05-31 01:59:00-04	in_progress		2025-05-06 05:59:47.867721-04	2025-05-19 20:17:25.551718-04	3	1
\.


--
-- Data for Name: events_event_services; Type: TABLE DATA; Schema: public; Owner: postgres
--

COPY public.events_event_services (id, event_id, service_id) FROM stdin;
5	3	7
\.


--
-- Data for Name: locations_location; Type: TABLE DATA; Schema: public; Owner: postgres
--

COPY public.locations_location (id, name, description, address, capacity, location_type, rental_price, price_unit, area_sqm, parking_spaces, environment_type, extra_hour_cost, provider, created_at, updated_at, company_id) FROM stdin;
3	qwe	qwe	qwe	123	salon	123.00	hour	123	123	cerrado	123.00	123	2025-05-06 05:58:21.519672-04	2025-05-06 05:58:21.535509-04	1
\.


--
-- Data for Name: packages_package; Type: TABLE DATA; Schema: public; Owner: postgres
--

COPY public.packages_package (id, name, description, image, company_id) FROM stdin;
1	Paquete Quinceaños2	Servicios esenciales para una fiesta de quinceaños	https://encrypted-tbn0.gstatic.com/images?q=tbn:ANd9GcTmF3Biaii2qOJ7jWK6TjPDfnBWYw8dveupew&s	1
\.


--
-- Data for Name: packages_package_services; Type: TABLE DATA; Schema: public; Owner: postgres
--

COPY public.packages_package_services (id, package_id, service_id) FROM stdin;
1	1	8
2	1	12
3	1	7
\.


--
-- Data for Name: services_service; Type: TABLE DATA; Schema: public; Owner: postgres
--

COPY public.services_service (id, name, description, base_price, unit_measure, standard_duration, provider, created_at, updated_at, company_id) FROM stdin;
7	Servicio de Catering	Servicios de Comida	30.00	person	\N	Kikys	2025-05-19 14:29:24.205914-04	2025-05-19 14:29:36.240051-04	1
8	Servicio de Musica Quinceaños	Musica en vivo para una fiesta de quinceaños	200.00	hour	\N	Mariachis	2025-05-19 19:19:35.136899-04	2025-05-19 19:19:35.136917-04	1
9	Planificación y coordinación de eventos	Servicio integral que abarca la organización del evento de principio a fin, incluyendo cronograma, logística, coordinación de proveedores y supervisión el día del evento.	100.00	event	\N	Dueño	2025-05-19 19:24:18.435626-04	2025-05-19 19:24:18.435638-04	1
10	Animación y entretenimiento	Contratación de animadores, presentadores, DJs, bandas musicales, artistas, bailarines, shows temáticos, comediantes, etc.	150.00	event	\N	Proveedorx	2025-05-19 19:27:13.389128-04	2025-05-19 19:27:13.389148-04	1
11	Decoración y ambientación	Diseño y montaje de decoraciones temáticas o personalizadas: centros de mesa, backdrops, flores, globos, iluminación ambiental, etc.	100.00	event	\N	Proveedor X	2025-05-19 19:27:38.605745-04	2025-05-19 19:27:38.605764-04	1
12	Fotografía y video	Cobertura visual profesional del evento con cámaras, drones, edición y entrega digital o impresa.	50.00	unit	\N	Proveedor X	2025-05-19 19:28:20.027969-04	2025-05-19 19:28:20.027991-04	1
\.


--
-- Data for Name: subscriptions_subscription; Type: TABLE DATA; Schema: public; Owner: postgres
--

COPY public.subscriptions_subscription (id, plan_type, status, stripe_customer_id, stripe_subscription_id, start_date, end_date, created_at, updated_at, company_id) FROM stdin;
2	monthly	active	cus_SG9kef1kMhjo0p	sub_1RLdQrA3VhVRZlE95XK3IhWx	2025-05-06 00:48:42.514285-04	2025-06-05 00:48:42.514285-04	2025-05-06 00:48:42.514619-04	2025-05-06 00:48:42.514623-04	1
3	monthly	active	cus_SG96WttRADChL0	sub_1RLcogA3VhVRZlE9YBHTFDNE	2025-05-06 01:08:33.33166-04	2025-06-05 01:08:33.33166-04	2025-05-06 01:08:33.332063-04	2025-05-06 01:08:33.33207-04	1
4	biannual	active	cus_SG96WttRADChL0	sub_1RLeDhA3VhVRZlE9KcfcpRdf	2025-05-06 01:39:11.241019-04	2025-11-02 01:39:11.241019-04	2025-05-06 01:39:11.241293-04	2025-05-06 01:39:11.241297-04	1
5	monthly	active	cus_SG9gk0WdxqkqBZ	sub_1RLdNSA3VhVRZlE9WMRLrKO8	2025-05-06 01:46:18.050214-04	2025-06-05 01:46:18.050214-04	2025-05-06 01:46:18.050625-04	2025-05-06 01:46:18.050635-04	1
\.


--
-- Name: audit_auditlog_id_seq; Type: SEQUENCE SET; Schema: public; Owner: postgres
--

SELECT pg_catalog.setval('public.audit_auditlog_id_seq', 110, true);


--
-- Name: auditlog_logentry_id_seq; Type: SEQUENCE SET; Schema: public; Owner: postgres
--

SELECT pg_catalog.setval('public.auditlog_logentry_id_seq', 51, true);


--
-- Name: auth_group_id_seq; Type: SEQUENCE SET; Schema: public; Owner: postgres
--

SELECT pg_catalog.setval('public.auth_group_id_seq', 2, true);


--
-- Name: auth_group_permissions_id_seq; Type: SEQUENCE SET; Schema: public; Owner: postgres
--

SELECT pg_catalog.setval('public.auth_group_permissions_id_seq', 48, true);


--
-- Name: auth_permission_id_seq; Type: SEQUENCE SET; Schema: public; Owner: postgres
--

SELECT pg_catalog.setval('public.auth_permission_id_seq', 76, true);


--
-- Name: auth_user_groups_id_seq; Type: SEQUENCE SET; Schema: public; Owner: postgres
--

SELECT pg_catalog.setval('public.auth_user_groups_id_seq', 1, false);


--
-- Name: auth_user_id_seq; Type: SEQUENCE SET; Schema: public; Owner: postgres
--

SELECT pg_catalog.setval('public.auth_user_id_seq', 16, true);


--
-- Name: auth_user_user_permissions_id_seq; Type: SEQUENCE SET; Schema: public; Owner: postgres
--

SELECT pg_catalog.setval('public.auth_user_user_permissions_id_seq', 1, false);


--
-- Name: backup_backup_id_seq; Type: SEQUENCE SET; Schema: public; Owner: postgres
--

SELECT pg_catalog.setval('public.backup_backup_id_seq', 1, false);


--
-- Name: companies_company_id_seq; Type: SEQUENCE SET; Schema: public; Owner: postgres
--

SELECT pg_catalog.setval('public.companies_company_id_seq', 4, true);


--
-- Name: django_admin_log_id_seq; Type: SEQUENCE SET; Schema: public; Owner: postgres
--

SELECT pg_catalog.setval('public.django_admin_log_id_seq', 3, true);


--
-- Name: django_content_type_id_seq; Type: SEQUENCE SET; Schema: public; Owner: postgres
--

SELECT pg_catalog.setval('public.django_content_type_id_seq', 19, true);


--
-- Name: django_migrations_id_seq; Type: SEQUENCE SET; Schema: public; Owner: postgres
--

SELECT pg_catalog.setval('public.django_migrations_id_seq', 55, true);


--
-- Name: events_event_id_seq; Type: SEQUENCE SET; Schema: public; Owner: postgres
--

SELECT pg_catalog.setval('public.events_event_id_seq', 3, true);


--
-- Name: events_event_services_id_seq; Type: SEQUENCE SET; Schema: public; Owner: postgres
--

SELECT pg_catalog.setval('public.events_event_services_id_seq', 5, true);


--
-- Name: locations_location_id_seq; Type: SEQUENCE SET; Schema: public; Owner: postgres
--

SELECT pg_catalog.setval('public.locations_location_id_seq', 3, true);


--
-- Name: packages_package_id_seq; Type: SEQUENCE SET; Schema: public; Owner: postgres
--

SELECT pg_catalog.setval('public.packages_package_id_seq', 1, true);


--
-- Name: packages_package_services_id_seq; Type: SEQUENCE SET; Schema: public; Owner: postgres
--

SELECT pg_catalog.setval('public.packages_package_services_id_seq', 3, true);


--
-- Name: services_service_id_seq; Type: SEQUENCE SET; Schema: public; Owner: postgres
--

SELECT pg_catalog.setval('public.services_service_id_seq', 12, true);


--
-- Name: subscriptions_subscription_id_seq; Type: SEQUENCE SET; Schema: public; Owner: postgres
--

SELECT pg_catalog.setval('public.subscriptions_subscription_id_seq', 5, true);


--
-- Name: audit_auditlog audit_auditlog_pkey; Type: CONSTRAINT; Schema: public; Owner: postgres
--

ALTER TABLE ONLY public.audit_auditlog
    ADD CONSTRAINT audit_auditlog_pkey PRIMARY KEY (id);


--
-- Name: auditlog_logentry auditlog_logentry_pkey; Type: CONSTRAINT; Schema: public; Owner: postgres
--

ALTER TABLE ONLY public.auditlog_logentry
    ADD CONSTRAINT auditlog_logentry_pkey PRIMARY KEY (id);


--
-- Name: auth_group auth_group_name_key; Type: CONSTRAINT; Schema: public; Owner: postgres
--

ALTER TABLE ONLY public.auth_group
    ADD CONSTRAINT auth_group_name_key UNIQUE (name);


--
-- Name: auth_group_permissions auth_group_permissions_group_id_permission_id_0cd325b0_uniq; Type: CONSTRAINT; Schema: public; Owner: postgres
--

ALTER TABLE ONLY public.auth_group_permissions
    ADD CONSTRAINT auth_group_permissions_group_id_permission_id_0cd325b0_uniq UNIQUE (group_id, permission_id);


--
-- Name: auth_group_permissions auth_group_permissions_pkey; Type: CONSTRAINT; Schema: public; Owner: postgres
--

ALTER TABLE ONLY public.auth_group_permissions
    ADD CONSTRAINT auth_group_permissions_pkey PRIMARY KEY (id);


--
-- Name: auth_group auth_group_pkey; Type: CONSTRAINT; Schema: public; Owner: postgres
--

ALTER TABLE ONLY public.auth_group
    ADD CONSTRAINT auth_group_pkey PRIMARY KEY (id);


--
-- Name: auth_permission auth_permission_content_type_id_codename_01ab375a_uniq; Type: CONSTRAINT; Schema: public; Owner: postgres
--

ALTER TABLE ONLY public.auth_permission
    ADD CONSTRAINT auth_permission_content_type_id_codename_01ab375a_uniq UNIQUE (content_type_id, codename);


--
-- Name: auth_permission auth_permission_pkey; Type: CONSTRAINT; Schema: public; Owner: postgres
--

ALTER TABLE ONLY public.auth_permission
    ADD CONSTRAINT auth_permission_pkey PRIMARY KEY (id);


--
-- Name: auth_user_groups auth_user_groups_pkey; Type: CONSTRAINT; Schema: public; Owner: postgres
--

ALTER TABLE ONLY public.auth_user_groups
    ADD CONSTRAINT auth_user_groups_pkey PRIMARY KEY (id);


--
-- Name: auth_user_groups auth_user_groups_user_id_group_id_94350c0c_uniq; Type: CONSTRAINT; Schema: public; Owner: postgres
--

ALTER TABLE ONLY public.auth_user_groups
    ADD CONSTRAINT auth_user_groups_user_id_group_id_94350c0c_uniq UNIQUE (user_id, group_id);


--
-- Name: auth_user auth_user_pkey; Type: CONSTRAINT; Schema: public; Owner: postgres
--

ALTER TABLE ONLY public.auth_user
    ADD CONSTRAINT auth_user_pkey PRIMARY KEY (id);


--
-- Name: auth_user_user_permissions auth_user_user_permissions_pkey; Type: CONSTRAINT; Schema: public; Owner: postgres
--

ALTER TABLE ONLY public.auth_user_user_permissions
    ADD CONSTRAINT auth_user_user_permissions_pkey PRIMARY KEY (id);


--
-- Name: auth_user_user_permissions auth_user_user_permissions_user_id_permission_id_14a6b632_uniq; Type: CONSTRAINT; Schema: public; Owner: postgres
--

ALTER TABLE ONLY public.auth_user_user_permissions
    ADD CONSTRAINT auth_user_user_permissions_user_id_permission_id_14a6b632_uniq UNIQUE (user_id, permission_id);


--
-- Name: auth_user auth_user_username_key; Type: CONSTRAINT; Schema: public; Owner: postgres
--

ALTER TABLE ONLY public.auth_user
    ADD CONSTRAINT auth_user_username_key UNIQUE (username);


--
-- Name: backup_backup backup_backup_pkey; Type: CONSTRAINT; Schema: public; Owner: postgres
--

ALTER TABLE ONLY public.backup_backup
    ADD CONSTRAINT backup_backup_pkey PRIMARY KEY (id);


--
-- Name: companies_company companies_company_name_key; Type: CONSTRAINT; Schema: public; Owner: postgres
--

ALTER TABLE ONLY public.companies_company
    ADD CONSTRAINT companies_company_name_key UNIQUE (name);


--
-- Name: companies_company companies_company_pkey; Type: CONSTRAINT; Schema: public; Owner: postgres
--

ALTER TABLE ONLY public.companies_company
    ADD CONSTRAINT companies_company_pkey PRIMARY KEY (id);


--
-- Name: django_admin_log django_admin_log_pkey; Type: CONSTRAINT; Schema: public; Owner: postgres
--

ALTER TABLE ONLY public.django_admin_log
    ADD CONSTRAINT django_admin_log_pkey PRIMARY KEY (id);


--
-- Name: django_content_type django_content_type_app_label_model_76bd3d3b_uniq; Type: CONSTRAINT; Schema: public; Owner: postgres
--

ALTER TABLE ONLY public.django_content_type
    ADD CONSTRAINT django_content_type_app_label_model_76bd3d3b_uniq UNIQUE (app_label, model);


--
-- Name: django_content_type django_content_type_pkey; Type: CONSTRAINT; Schema: public; Owner: postgres
--

ALTER TABLE ONLY public.django_content_type
    ADD CONSTRAINT django_content_type_pkey PRIMARY KEY (id);


--
-- Name: django_migrations django_migrations_pkey; Type: CONSTRAINT; Schema: public; Owner: postgres
--

ALTER TABLE ONLY public.django_migrations
    ADD CONSTRAINT django_migrations_pkey PRIMARY KEY (id);


--
-- Name: django_session django_session_pkey; Type: CONSTRAINT; Schema: public; Owner: postgres
--

ALTER TABLE ONLY public.django_session
    ADD CONSTRAINT django_session_pkey PRIMARY KEY (session_key);


--
-- Name: events_event events_event_pkey; Type: CONSTRAINT; Schema: public; Owner: postgres
--

ALTER TABLE ONLY public.events_event
    ADD CONSTRAINT events_event_pkey PRIMARY KEY (id);


--
-- Name: events_event_services events_event_services_event_id_service_id_a9914811_uniq; Type: CONSTRAINT; Schema: public; Owner: postgres
--

ALTER TABLE ONLY public.events_event_services
    ADD CONSTRAINT events_event_services_event_id_service_id_a9914811_uniq UNIQUE (event_id, service_id);


--
-- Name: events_event_services events_event_services_pkey; Type: CONSTRAINT; Schema: public; Owner: postgres
--

ALTER TABLE ONLY public.events_event_services
    ADD CONSTRAINT events_event_services_pkey PRIMARY KEY (id);


--
-- Name: locations_location locations_location_pkey; Type: CONSTRAINT; Schema: public; Owner: postgres
--

ALTER TABLE ONLY public.locations_location
    ADD CONSTRAINT locations_location_pkey PRIMARY KEY (id);


--
-- Name: packages_package packages_package_pkey; Type: CONSTRAINT; Schema: public; Owner: postgres
--

ALTER TABLE ONLY public.packages_package
    ADD CONSTRAINT packages_package_pkey PRIMARY KEY (id);


--
-- Name: packages_package_services packages_package_services_package_id_service_id_89bf4070_uniq; Type: CONSTRAINT; Schema: public; Owner: postgres
--

ALTER TABLE ONLY public.packages_package_services
    ADD CONSTRAINT packages_package_services_package_id_service_id_89bf4070_uniq UNIQUE (package_id, service_id);


--
-- Name: packages_package_services packages_package_services_pkey; Type: CONSTRAINT; Schema: public; Owner: postgres
--

ALTER TABLE ONLY public.packages_package_services
    ADD CONSTRAINT packages_package_services_pkey PRIMARY KEY (id);


--
-- Name: services_service services_service_pkey; Type: CONSTRAINT; Schema: public; Owner: postgres
--

ALTER TABLE ONLY public.services_service
    ADD CONSTRAINT services_service_pkey PRIMARY KEY (id);


--
-- Name: subscriptions_subscription subscriptions_subscription_pkey; Type: CONSTRAINT; Schema: public; Owner: postgres
--

ALTER TABLE ONLY public.subscriptions_subscription
    ADD CONSTRAINT subscriptions_subscription_pkey PRIMARY KEY (id);


--
-- Name: audit_auditlog_user_id_c1cca96c; Type: INDEX; Schema: public; Owner: postgres
--

CREATE INDEX audit_auditlog_user_id_c1cca96c ON public.audit_auditlog USING btree (user_id);


--
-- Name: auditlog_logentry_action_229afe39; Type: INDEX; Schema: public; Owner: postgres
--

CREATE INDEX auditlog_logentry_action_229afe39 ON public.auditlog_logentry USING btree (action);


--
-- Name: auditlog_logentry_actor_id_959271d2; Type: INDEX; Schema: public; Owner: postgres
--

CREATE INDEX auditlog_logentry_actor_id_959271d2 ON public.auditlog_logentry USING btree (actor_id);


--
-- Name: auditlog_logentry_cid_9f467263; Type: INDEX; Schema: public; Owner: postgres
--

CREATE INDEX auditlog_logentry_cid_9f467263 ON public.auditlog_logentry USING btree (cid);


--
-- Name: auditlog_logentry_cid_9f467263_like; Type: INDEX; Schema: public; Owner: postgres
--

CREATE INDEX auditlog_logentry_cid_9f467263_like ON public.auditlog_logentry USING btree (cid varchar_pattern_ops);


--
-- Name: auditlog_logentry_content_type_id_75830218; Type: INDEX; Schema: public; Owner: postgres
--

CREATE INDEX auditlog_logentry_content_type_id_75830218 ON public.auditlog_logentry USING btree (content_type_id);


--
-- Name: auditlog_logentry_object_id_09c2eee8; Type: INDEX; Schema: public; Owner: postgres
--

CREATE INDEX auditlog_logentry_object_id_09c2eee8 ON public.auditlog_logentry USING btree (object_id);


--
-- Name: auditlog_logentry_object_pk_6e3219c0; Type: INDEX; Schema: public; Owner: postgres
--

CREATE INDEX auditlog_logentry_object_pk_6e3219c0 ON public.auditlog_logentry USING btree (object_pk);


--
-- Name: auditlog_logentry_object_pk_6e3219c0_like; Type: INDEX; Schema: public; Owner: postgres
--

CREATE INDEX auditlog_logentry_object_pk_6e3219c0_like ON public.auditlog_logentry USING btree (object_pk varchar_pattern_ops);


--
-- Name: auditlog_logentry_timestamp_37867bb0; Type: INDEX; Schema: public; Owner: postgres
--

CREATE INDEX auditlog_logentry_timestamp_37867bb0 ON public.auditlog_logentry USING btree ("timestamp");


--
-- Name: auth_group_name_a6ea08ec_like; Type: INDEX; Schema: public; Owner: postgres
--

CREATE INDEX auth_group_name_a6ea08ec_like ON public.auth_group USING btree (name varchar_pattern_ops);


--
-- Name: auth_group_permissions_group_id_b120cbf9; Type: INDEX; Schema: public; Owner: postgres
--

CREATE INDEX auth_group_permissions_group_id_b120cbf9 ON public.auth_group_permissions USING btree (group_id);


--
-- Name: auth_group_permissions_permission_id_84c5c92e; Type: INDEX; Schema: public; Owner: postgres
--

CREATE INDEX auth_group_permissions_permission_id_84c5c92e ON public.auth_group_permissions USING btree (permission_id);


--
-- Name: auth_permission_content_type_id_2f476e4b; Type: INDEX; Schema: public; Owner: postgres
--

CREATE INDEX auth_permission_content_type_id_2f476e4b ON public.auth_permission USING btree (content_type_id);


--
-- Name: auth_user_company_id_3d0da8e0; Type: INDEX; Schema: public; Owner: postgres
--

CREATE INDEX auth_user_company_id_3d0da8e0 ON public.auth_user USING btree (company_id);


--
-- Name: auth_user_groups_group_id_97559544; Type: INDEX; Schema: public; Owner: postgres
--

CREATE INDEX auth_user_groups_group_id_97559544 ON public.auth_user_groups USING btree (group_id);


--
-- Name: auth_user_groups_user_id_6a12ed8b; Type: INDEX; Schema: public; Owner: postgres
--

CREATE INDEX auth_user_groups_user_id_6a12ed8b ON public.auth_user_groups USING btree (user_id);


--
-- Name: auth_user_user_permissions_permission_id_1fbb5f2c; Type: INDEX; Schema: public; Owner: postgres
--

CREATE INDEX auth_user_user_permissions_permission_id_1fbb5f2c ON public.auth_user_user_permissions USING btree (permission_id);


--
-- Name: auth_user_user_permissions_user_id_a95ead1b; Type: INDEX; Schema: public; Owner: postgres
--

CREATE INDEX auth_user_user_permissions_user_id_a95ead1b ON public.auth_user_user_permissions USING btree (user_id);


--
-- Name: auth_user_username_6821ab7c_like; Type: INDEX; Schema: public; Owner: postgres
--

CREATE INDEX auth_user_username_6821ab7c_like ON public.auth_user USING btree (username varchar_pattern_ops);


--
-- Name: companies_company_name_f775eceb_like; Type: INDEX; Schema: public; Owner: postgres
--

CREATE INDEX companies_company_name_f775eceb_like ON public.companies_company USING btree (name varchar_pattern_ops);


--
-- Name: django_admin_log_content_type_id_c4bce8eb; Type: INDEX; Schema: public; Owner: postgres
--

CREATE INDEX django_admin_log_content_type_id_c4bce8eb ON public.django_admin_log USING btree (content_type_id);


--
-- Name: django_admin_log_user_id_c564eba6; Type: INDEX; Schema: public; Owner: postgres
--

CREATE INDEX django_admin_log_user_id_c564eba6 ON public.django_admin_log USING btree (user_id);


--
-- Name: django_session_expire_date_a5c62663; Type: INDEX; Schema: public; Owner: postgres
--

CREATE INDEX django_session_expire_date_a5c62663 ON public.django_session USING btree (expire_date);


--
-- Name: django_session_session_key_c0390e0f_like; Type: INDEX; Schema: public; Owner: postgres
--

CREATE INDEX django_session_session_key_c0390e0f_like ON public.django_session USING btree (session_key varchar_pattern_ops);


--
-- Name: events_event_company_id_c2da4b18; Type: INDEX; Schema: public; Owner: postgres
--

CREATE INDEX events_event_company_id_c2da4b18 ON public.events_event USING btree (company_id);


--
-- Name: events_event_location_id_2fb4171f; Type: INDEX; Schema: public; Owner: postgres
--

CREATE INDEX events_event_location_id_2fb4171f ON public.events_event USING btree (location_id);


--
-- Name: events_event_services_event_id_1e4153cb; Type: INDEX; Schema: public; Owner: postgres
--

CREATE INDEX events_event_services_event_id_1e4153cb ON public.events_event_services USING btree (event_id);


--
-- Name: events_event_services_service_id_92243846; Type: INDEX; Schema: public; Owner: postgres
--

CREATE INDEX events_event_services_service_id_92243846 ON public.events_event_services USING btree (service_id);


--
-- Name: locations_location_company_id_3b4c8ed5; Type: INDEX; Schema: public; Owner: postgres
--

CREATE INDEX locations_location_company_id_3b4c8ed5 ON public.locations_location USING btree (company_id);


--
-- Name: packages_package_company_id_f70f0969; Type: INDEX; Schema: public; Owner: postgres
--

CREATE INDEX packages_package_company_id_f70f0969 ON public.packages_package USING btree (company_id);


--
-- Name: packages_package_services_package_id_38fd59e1; Type: INDEX; Schema: public; Owner: postgres
--

CREATE INDEX packages_package_services_package_id_38fd59e1 ON public.packages_package_services USING btree (package_id);


--
-- Name: packages_package_services_service_id_2039d0b5; Type: INDEX; Schema: public; Owner: postgres
--

CREATE INDEX packages_package_services_service_id_2039d0b5 ON public.packages_package_services USING btree (service_id);


--
-- Name: services_service_company_id_7e32d644; Type: INDEX; Schema: public; Owner: postgres
--

CREATE INDEX services_service_company_id_7e32d644 ON public.services_service USING btree (company_id);


--
-- Name: subscriptions_subscription_company_id_64a15e93; Type: INDEX; Schema: public; Owner: postgres
--

CREATE INDEX subscriptions_subscription_company_id_64a15e93 ON public.subscriptions_subscription USING btree (company_id);


--
-- Name: audit_auditlog audit_auditlog_user_id_c1cca96c_fk_auth_user_id; Type: FK CONSTRAINT; Schema: public; Owner: postgres
--

ALTER TABLE ONLY public.audit_auditlog
    ADD CONSTRAINT audit_auditlog_user_id_c1cca96c_fk_auth_user_id FOREIGN KEY (user_id) REFERENCES public.auth_user(id) DEFERRABLE INITIALLY DEFERRED;


--
-- Name: auditlog_logentry auditlog_logentry_actor_id_959271d2_fk_auth_user_id; Type: FK CONSTRAINT; Schema: public; Owner: postgres
--

ALTER TABLE ONLY public.auditlog_logentry
    ADD CONSTRAINT auditlog_logentry_actor_id_959271d2_fk_auth_user_id FOREIGN KEY (actor_id) REFERENCES public.auth_user(id) DEFERRABLE INITIALLY DEFERRED;


--
-- Name: auditlog_logentry auditlog_logentry_content_type_id_75830218_fk_django_co; Type: FK CONSTRAINT; Schema: public; Owner: postgres
--

ALTER TABLE ONLY public.auditlog_logentry
    ADD CONSTRAINT auditlog_logentry_content_type_id_75830218_fk_django_co FOREIGN KEY (content_type_id) REFERENCES public.django_content_type(id) DEFERRABLE INITIALLY DEFERRED;


--
-- Name: auth_group_permissions auth_group_permissio_permission_id_84c5c92e_fk_auth_perm; Type: FK CONSTRAINT; Schema: public; Owner: postgres
--

ALTER TABLE ONLY public.auth_group_permissions
    ADD CONSTRAINT auth_group_permissio_permission_id_84c5c92e_fk_auth_perm FOREIGN KEY (permission_id) REFERENCES public.auth_permission(id) DEFERRABLE INITIALLY DEFERRED;


--
-- Name: auth_group_permissions auth_group_permissions_group_id_b120cbf9_fk_auth_group_id; Type: FK CONSTRAINT; Schema: public; Owner: postgres
--

ALTER TABLE ONLY public.auth_group_permissions
    ADD CONSTRAINT auth_group_permissions_group_id_b120cbf9_fk_auth_group_id FOREIGN KEY (group_id) REFERENCES public.auth_group(id) DEFERRABLE INITIALLY DEFERRED;


--
-- Name: auth_permission auth_permission_content_type_id_2f476e4b_fk_django_co; Type: FK CONSTRAINT; Schema: public; Owner: postgres
--

ALTER TABLE ONLY public.auth_permission
    ADD CONSTRAINT auth_permission_content_type_id_2f476e4b_fk_django_co FOREIGN KEY (content_type_id) REFERENCES public.django_content_type(id) DEFERRABLE INITIALLY DEFERRED;


--
-- Name: auth_user auth_user_company_id_3d0da8e0_fk_companies_company_id; Type: FK CONSTRAINT; Schema: public; Owner: postgres
--

ALTER TABLE ONLY public.auth_user
    ADD CONSTRAINT auth_user_company_id_3d0da8e0_fk_companies_company_id FOREIGN KEY (company_id) REFERENCES public.companies_company(id) DEFERRABLE INITIALLY DEFERRED;


--
-- Name: auth_user_groups auth_user_groups_group_id_97559544_fk_auth_group_id; Type: FK CONSTRAINT; Schema: public; Owner: postgres
--

ALTER TABLE ONLY public.auth_user_groups
    ADD CONSTRAINT auth_user_groups_group_id_97559544_fk_auth_group_id FOREIGN KEY (group_id) REFERENCES public.auth_group(id) DEFERRABLE INITIALLY DEFERRED;


--
-- Name: auth_user_groups auth_user_groups_user_id_6a12ed8b_fk_auth_user_id; Type: FK CONSTRAINT; Schema: public; Owner: postgres
--

ALTER TABLE ONLY public.auth_user_groups
    ADD CONSTRAINT auth_user_groups_user_id_6a12ed8b_fk_auth_user_id FOREIGN KEY (user_id) REFERENCES public.auth_user(id) DEFERRABLE INITIALLY DEFERRED;


--
-- Name: auth_user_user_permissions auth_user_user_permi_permission_id_1fbb5f2c_fk_auth_perm; Type: FK CONSTRAINT; Schema: public; Owner: postgres
--

ALTER TABLE ONLY public.auth_user_user_permissions
    ADD CONSTRAINT auth_user_user_permi_permission_id_1fbb5f2c_fk_auth_perm FOREIGN KEY (permission_id) REFERENCES public.auth_permission(id) DEFERRABLE INITIALLY DEFERRED;


--
-- Name: auth_user_user_permissions auth_user_user_permissions_user_id_a95ead1b_fk_auth_user_id; Type: FK CONSTRAINT; Schema: public; Owner: postgres
--

ALTER TABLE ONLY public.auth_user_user_permissions
    ADD CONSTRAINT auth_user_user_permissions_user_id_a95ead1b_fk_auth_user_id FOREIGN KEY (user_id) REFERENCES public.auth_user(id) DEFERRABLE INITIALLY DEFERRED;


--
-- Name: django_admin_log django_admin_log_content_type_id_c4bce8eb_fk_django_co; Type: FK CONSTRAINT; Schema: public; Owner: postgres
--

ALTER TABLE ONLY public.django_admin_log
    ADD CONSTRAINT django_admin_log_content_type_id_c4bce8eb_fk_django_co FOREIGN KEY (content_type_id) REFERENCES public.django_content_type(id) DEFERRABLE INITIALLY DEFERRED;


--
-- Name: django_admin_log django_admin_log_user_id_c564eba6_fk_auth_user_id; Type: FK CONSTRAINT; Schema: public; Owner: postgres
--

ALTER TABLE ONLY public.django_admin_log
    ADD CONSTRAINT django_admin_log_user_id_c564eba6_fk_auth_user_id FOREIGN KEY (user_id) REFERENCES public.auth_user(id) DEFERRABLE INITIALLY DEFERRED;


--
-- Name: events_event events_event_company_id_c2da4b18_fk_companies_company_id; Type: FK CONSTRAINT; Schema: public; Owner: postgres
--

ALTER TABLE ONLY public.events_event
    ADD CONSTRAINT events_event_company_id_c2da4b18_fk_companies_company_id FOREIGN KEY (company_id) REFERENCES public.companies_company(id) DEFERRABLE INITIALLY DEFERRED;


--
-- Name: events_event events_event_location_id_2fb4171f_fk_locations_location_id; Type: FK CONSTRAINT; Schema: public; Owner: postgres
--

ALTER TABLE ONLY public.events_event
    ADD CONSTRAINT events_event_location_id_2fb4171f_fk_locations_location_id FOREIGN KEY (location_id) REFERENCES public.locations_location(id) DEFERRABLE INITIALLY DEFERRED;


--
-- Name: events_event_services events_event_service_service_id_92243846_fk_services_; Type: FK CONSTRAINT; Schema: public; Owner: postgres
--

ALTER TABLE ONLY public.events_event_services
    ADD CONSTRAINT events_event_service_service_id_92243846_fk_services_ FOREIGN KEY (service_id) REFERENCES public.services_service(id) DEFERRABLE INITIALLY DEFERRED;


--
-- Name: events_event_services events_event_services_event_id_1e4153cb_fk_events_event_id; Type: FK CONSTRAINT; Schema: public; Owner: postgres
--

ALTER TABLE ONLY public.events_event_services
    ADD CONSTRAINT events_event_services_event_id_1e4153cb_fk_events_event_id FOREIGN KEY (event_id) REFERENCES public.events_event(id) DEFERRABLE INITIALLY DEFERRED;


--
-- Name: locations_location locations_location_company_id_3b4c8ed5_fk_companies_company_id; Type: FK CONSTRAINT; Schema: public; Owner: postgres
--

ALTER TABLE ONLY public.locations_location
    ADD CONSTRAINT locations_location_company_id_3b4c8ed5_fk_companies_company_id FOREIGN KEY (company_id) REFERENCES public.companies_company(id) DEFERRABLE INITIALLY DEFERRED;


--
-- Name: packages_package packages_package_company_id_f70f0969_fk_companies_company_id; Type: FK CONSTRAINT; Schema: public; Owner: postgres
--

ALTER TABLE ONLY public.packages_package
    ADD CONSTRAINT packages_package_company_id_f70f0969_fk_companies_company_id FOREIGN KEY (company_id) REFERENCES public.companies_company(id) DEFERRABLE INITIALLY DEFERRED;


--
-- Name: packages_package_services packages_package_ser_package_id_38fd59e1_fk_packages_; Type: FK CONSTRAINT; Schema: public; Owner: postgres
--

ALTER TABLE ONLY public.packages_package_services
    ADD CONSTRAINT packages_package_ser_package_id_38fd59e1_fk_packages_ FOREIGN KEY (package_id) REFERENCES public.packages_package(id) DEFERRABLE INITIALLY DEFERRED;


--
-- Name: packages_package_services packages_package_ser_service_id_2039d0b5_fk_services_; Type: FK CONSTRAINT; Schema: public; Owner: postgres
--

ALTER TABLE ONLY public.packages_package_services
    ADD CONSTRAINT packages_package_ser_service_id_2039d0b5_fk_services_ FOREIGN KEY (service_id) REFERENCES public.services_service(id) DEFERRABLE INITIALLY DEFERRED;


--
-- Name: services_service services_service_company_id_7e32d644_fk_companies_company_id; Type: FK CONSTRAINT; Schema: public; Owner: postgres
--

ALTER TABLE ONLY public.services_service
    ADD CONSTRAINT services_service_company_id_7e32d644_fk_companies_company_id FOREIGN KEY (company_id) REFERENCES public.companies_company(id) DEFERRABLE INITIALLY DEFERRED;


--
-- Name: subscriptions_subscription subscriptions_subscr_company_id_64a15e93_fk_companies; Type: FK CONSTRAINT; Schema: public; Owner: postgres
--

ALTER TABLE ONLY public.subscriptions_subscription
    ADD CONSTRAINT subscriptions_subscr_company_id_64a15e93_fk_companies FOREIGN KEY (company_id) REFERENCES public.companies_company(id) DEFERRABLE INITIALLY DEFERRED;


--
-- PostgreSQL database dump complete
--

